Cognome e Nome / Denominazione Sociale;Autorizzato ad operare;Persona;Codice fiscale;Domicilio / Sede Legale;Elenco;N° Iscrizione;Data Iscrizione;Stato;Data Stato;Causale stato / Note;
24FINANCE MEDIAZIONE CREDITIZIA SPA;"SI";"Giuridica";"04088240967";"VIA ALDO LUSARDI, 7 - 20122 MILANO (MI)";"MEDIATORI CREDITIZI";"M233";"19/04/2013";"ISCRITTO";"16/05/2013";""
2P2 MEDIATORE CREDITIZIO SRL;"SI";"Giuridica";"06602180488";"VIA B. LUPI 14 - 50129 FIRENZE (FI)";"MEDIATORI CREDITIZI";"M372";"25/05/2016";"ISCRITTO";"15/07/2016";""
4YL MEDIAZIONE ASSICURATIVA E CREDITIZIA S.R.L.;"SI";"Giuridica";"02752730990";"VIALE EDOARDO JENNER 55 - 20159 MILANO (MI)";"MEDIATORI CREDITIZI";"M645";"07/03/2025";"ISCRITTO";"15/05/2025";""
8FIN SRL;"SI";"Giuridica";"04418180263";"VIA ROMA N. 14 - 31033 CASTELFRANCO VENETO (TV)";"MEDIATORI CREDITIZI";"M414";"26/07/2017";"ISCRITTO";"31/07/2017";""
A&R MEDIAZIONE CREDITIZIA;"SI";"Giuridica";"13426851005";"VIALE MAZZINI 112 - 00195 ROMA (RM)";"MEDIATORI CREDITIZI";"M479";"23/12/2019";"ISCRITTO";"15/01/2020";""
ACCREDITA;"SI";"Giuridica";"13557261008";"PIAZZA DELLA REPUBBLICA 19 - 20124 MILANO (MI)";"MEDIATORI CREDITIZI";"M544";"25/02/2022";"ISCRITTO";"03/03/2022";""
ADATTOFIN MEDIAZIONE CREDITIZIA S.P.A.;"SI";"Giuridica";"08262641007";"VIALE ANGELICO, 163 - 00195 ROMA (RM)";"MEDIATORI CREDITIZI";"M10";"14/11/2012";"ISCRITTO";"17/01/2013";""
ADG CONSULTING;"SI";"Giuridica";"11898980963";"VIA SERVILIANO LATTUADA 27 - 20135 MILANO (MI)";"MEDIATORI CREDITIZI";"M531";"10/09/2021";"ISCRITTO";"28/09/2021";""
AEQUA FINANCE MEDIAZIONE CREDITIZIA S.R.L.;"SI";"Giuridica";"17215121009";"VIALE BRUNO BUOZZI, 60 - 00197 ROMA (RM)";"MEDIATORI CREDITIZI";"M593";"27/07/2023";"ISCRITTO";"27/07/2023";""
AFFIDA SRL;"SI";"Giuridica";"06514480729";"VIA LUCREZIO CARO 62 - 00193 ROMA (RM)";"MEDIATORI CREDITIZI";"M325";"13/02/2015";"ISCRITTO";"13/02/2015";""
AGEVOLAZIONI & INCENTIVI SRL;"SI";"Giuridica";"09253371000";"PIAZZA DELL'EMPORIO 11/A - 00153 ROMA (RM)";"MEDIATORI CREDITIZI";"M206";"13/03/2013";"ISCRITTO";"05/03/2019";""
AGILO;"SI";"Giuridica";"03807660927";"VIA GUGLIELMO OBERDAN 13 - 00049 VELLETRI (RM)";"MEDIATORI CREDITIZI";"M459";"06/03/2019";"ISCRITTO";"11/03/2019";""
AGRIPARTNERS SRL;"SI";"Giuridica";"02466980030";"VIA VALSESIA SNC BORGO DI AGOGNATE - 28100 NOVARA (NO)";"MEDIATORI CREDITIZI";"M454";"25/01/2019";"ISCRITTO";"01/02/2019";""
ALIFIN SERVICE SRL;"SI";"Giuridica";"06672550636";"CENTRO DIREZIONALE IS. F3 - 80143 NAPOLI (NA)";"MEDIATORI CREDITIZI";"M160";"13/02/2013";"ISCRITTO";"15/05/2013";""
ALLCRED SRL;"SI";"Giuridica";"02228950446";"VIALE TRENTO 36 - 63900 FERMO (FM)";"MEDIATORI CREDITIZI";"M340";"13/07/2015";"ISCRITTO";"28/07/2015";""
ALTHEIA;"SI";"Giuridica";"04371430986";"VIA COSTANTINO QUARANTA 16 - 25123 BRESCIA (BS)";"MEDIATORI CREDITIZI";"M554";"15/06/2022";"ISCRITTO";"15/06/2022";""
AM SOLUTION SRL;"SI";"Giuridica";"02700540699";"VIA MADDALENA 63/C - 66054 VASTO (CH)";"MEDIATORI CREDITIZI";"M610";"16/02/2024";"ISCRITTO";"24/01/2025";""
AMECONVIENE.IT FINANCE S.R.L.;"SI";"Giuridica";"08154920014";"VIA VANDALINO 49 - 10142 TORINO (TO)";"MEDIATORI CREDITIZI";"M94";"22/01/2013";"ISCRITTO";"07/02/2013";""
ANTARES S.R.L.;"SI";"Giuridica";"16906841008";"CIRCONVALLAZIONE CLODIA 163/167 - 00195 ROMA (RM)";"MEDIATORI CREDITIZI";"M566";"12/01/2023";"ISCRITTO";"02/02/2023";""
ARCOFIN S.R.L. UNIPERSONALE;"SI";"Giuridica";"02358070742";"VIA ENRICO TOTI 13/B - 72024 ORIA (BR)";"MEDIATORI CREDITIZI";"M44";"15/01/2013";"ISCRITTO";"12/12/2019";""
AREA FINANZA SPA;"SI";"Giuridica";"04157350655";"VIA POPULONIA, 8 - 20159 MILANO (MI)";"MEDIATORI CREDITIZI";"M304";"15/05/2014";"ISCRITTO";"28/05/2014";""
ARITMA SRL;"SI";"Giuridica";"05385950018";"CORSO FRANCIA 333/3 - 10142 TORINO (TO)";"MEDIATORI CREDITIZI";"M62";"22/01/2013";"ISCRITTO";"30/03/2013";""
ARPE CONSULTING SRL;"SI";"Giuridica";"07971690966";"VIALE CERTOSA 2 - 20155 MILANO (MI)";"MEDIATORI CREDITIZI";"M43";"15/01/2013";"ISCRITTO";"07/03/2013";""
ARTEAFINANCE MEDIAZIONE CREDITIZIA SRL;"SI";"Giuridica";"01990090977";"VIALE MONTEGRAPPA 304 - 59100 PRATO (PO)";"MEDIATORI CREDITIZI";"M291";"12/12/2013";"ISCRITTO";"12/12/2013";""
AS FINANCE -  SOCIETA' DI MEDIAZIONE CREDITIZIA;"SI";"Giuridica";"02211011206";"VIA SAN BIAGIO 47 - 35121 PADOVA (PD)";"MEDIATORI CREDITIZI";"M116";"30/01/2013";"ISCRITTO";"10/03/2021";""
ASSICASA BROKER;"SI";"Giuridica";"11052620967";"PIAZZALE BIANCAMANO, 2 - 20121 MILANO (MI)";"MEDIATORI CREDITIZI";"M553";"27/05/2022";"ISCRITTO";"25/07/2024";""
AURA MEDIAZIONE CREDITIZIA SRL;"SI";"Giuridica";"02218370464";"VIA SCIROCCO 53 - 55049 VIAREGGIO (LU)";"MEDIATORI CREDITIZI";"M133";"06/02/2013";"ISCRITTO";"20/11/2018";""
AUXILIA FINANCE S.P.A.;"SI";"Giuridica";"11039431009";"VIA SARDEGNA 50 - 00187 ROMA (RM)";"MEDIATORI CREDITIZI";"M21";"12/12/2012";"ISCRITTO";"12/12/2012";""
AVVENIRE22 S.R.L.;"NON AUTORIZZATO AD OPERARE";"Giuridica";"02400340564";"STRADA ELLERA, 8C - 01100 VITERBO (VT)";"MEDIATORI CREDITIZI";"M581";"22/05/2023";"CANCELLATO";"30/09/2024";"CANCELLATO CON PROVVEDIMENTO SANZIONATORIO (ART. 128-DUODECIES, COMMA 1, LET. C, D.LGS. N. 385/1993)"
AXE CAPITAL SOCIETA' DI MEDIAZIONE CREDITIZIA S.R.L.;"NON AUTORIZZATO AD OPERARE";"Giuridica";"18060201003";"VIALE BRUNO BUOZZI N. 19 - 00197 ROMA (RM)";"MEDIATORI CREDITIZI";"M653";"23/05/2025";"ISCRITTO NON-OPERATIVO";"23/05/2025";""
AXIA CORPORATE S.R.L.;"SI";"Giuridica";"13325100967";"VIA EGADI 7 - 20144 MILANO (MI)";"MEDIATORI CREDITIZI";"M611";"01/03/2024";"ISCRITTO";"06/03/2024";""
AZIMUT DIRECT FINANCE SRL;"SI";"Giuridica";"11443260960";"VIA CUSANI 4 - 20121 MILANO (MI)";"MEDIATORI CREDITIZI";"M509";"22/01/2021";"ISCRITTO";"08/06/2021";""
BANKIMPRESA MEDIAZIONE CREDITIZIA E CONSULENZA SRL;"SI";"Giuridica";"02941240802";"LARGO AUGUSTO, 1 - 20122 MILANO (MI)";"MEDIATORI CREDITIZI";"M474";"08/11/2019";"ISCRITTO";"02/03/2021";""
BFS PARTNER S.P.A.;"SI";"Giuridica";"09180940158";"VIA LARGA 15 - 20122 MILANO (MI)";"MEDIATORI CREDITIZI";"M111";"30/01/2013";"ISCRITTO";"15/03/2013";""
BHL SRL;"SI";"Giuridica";"02258920020";"VIA CAULA 18/B - 41049 SASSUOLO (MO)";"MEDIATORI CREDITIZI";"M180";"20/02/2013";"ISCRITTO";"04/07/2013";""
BLUORANGE SRL;"SI";"Giuridica";"02798370132";"VIA MAZZINI 78 - 22063 CANTU' (CO)";"MEDIATORI CREDITIZI";"M210";"19/03/2013";"ISCRITTO";"19/03/2013";""
BM CONSULTING SRL;"SI";"Giuridica";"02093990030";"VIA SAN BERNARDINO DA SIENA, 9 - 28100 NOVARA (NO)";"MEDIATORI CREDITIZI";"M314";"23/10/2014";"ISCRITTO";"13/11/2014";""
BMP S.R.L.;"SI";"Giuridica";"04829491002";"VIA ELVIA RECINA, 6 - 00183 ROMA (RM)";"MEDIATORI CREDITIZI";"M196";"27/02/2013";"ISCRITTO";"11/04/2013";""
BRIDGE CORPORATE SOLUTIONS;"NON AUTORIZZATO AD OPERARE";"Giuridica";"12009920963";"VIA ARCHIMEDE 56 - 20129 MILANO (MI)";"MEDIATORI CREDITIZI";"M534";"18/11/2021";"CANCELLATO";"02/07/2024";"CANCELLATO CON PROVVEDIMENTO SANZIONATORIO (ART. 128-DUODECIES, COMMA 1, LET. C, D.LGS. N. 385/1993)"
BRT INVESTMENTS;"SI";"Giuridica";"02426310518";"VIA VITTORIO VENETO 39 - 52100 AREZZO (AR)";"MEDIATORI CREDITIZI";"M551";"13/05/2022";"ISCRITTO";"07/03/2025";""
BUKI MUTUI E PRESTITI SRL;"NON AUTORIZZATO AD OPERARE";"Giuridica";"08414971211";"GALLERIA UMBERTO, 27 - 80132 NAPOLI (NA)";"MEDIATORI CREDITIZI";"M402";"30/03/2017";"CANCELLATO";"05/05/2021";"CANCELLATO CON PROVVEDIMENTO SANZIONATORIO (ART. 128-DUODECIES, COMMA 1, LET. C, D.LGS. N. 385/1993)"
BUSINESS SERVICE SRL;"SI";"Giuridica";"03443130236";"VIA PACINOTTI, 4B - 37135 VERONA (VR)";"MEDIATORI CREDITIZI";"M293";"28/01/2014";"ISCRITTO";"10/03/2014";""
C.B.N. (CREDIT BUSINESS NETWORK) MEDIAZIONI CREDITIZIE;"SI";"Giuridica";"03288840238";"VIA DEL PERLAR, 37/A - 37135 VERONA (VR)";"MEDIATORI CREDITIZI";"M55";"22/01/2013";"ISCRITTO";"07/02/2013";""
CALANDRO & PARTNERS CORPORATE FINANCE;"SI";"Giuridica";"01276820626";"VIA NAPOLI 191 - 82100 BENEVENTO (BN)";"MEDIATORI CREDITIZI";"M72";"22/01/2013";"ISCRITTO";"26/02/2013";""
CAPITAL CLASS MEDIAZIONE CREDITIZIA;"SI";"Giuridica";"08538450720";"VIA  MONTE NAPOLEONE N.8 - 20121 MILANO (MI)";"MEDIATORI CREDITIZI";"M518";"05/05/2021";"ISCRITTO";"11/05/2021";""
CAPITAL SOLUTIONS S.R.L.;"SI";"Giuridica";"03712821200";"VIALE MASINI 12 - 40126 BOLOGNA (BO)";"MEDIATORI CREDITIZI";"M458";"28/02/2019";"ISCRITTO";"11/03/2019";""
CAPTA S.R.L.;"SI";"Giuridica";"17736311006";"VIA GIOVANNI NICOTERA 31 - 00195 ROMA (RM)";"MEDIATORI CREDITIZI";"M636";"05/11/2024";"ISCRITTO";"05/11/2024";""
CASACREDITO MEDIAZIONE CREDITIZIA S.R.L.;"SI";"Giuridica";"12949340017";"VIALE GARIBALDI 14 - 10022 CARMAGNOLA (TO)";"MEDIATORI CREDITIZI";"M605";"19/01/2024";"ISCRITTO";"25/03/2024";""
CASAVO MUTUI S.R.L.;"SI";"Giuridica";"11849430969";"VIA LUIGI PORRO LAMBERTENGHI, 7 - 20159 MILANO (MI)";"MEDIATORI CREDITIZI";"M536";"14/12/2021";"ISCRITTO";"20/12/2021";""
CASH FLOW S.R.L.;"SI";"Giuridica";"07888020638";"VIA LIMA N.31 - 00198 ROMA (RM)";"MEDIATORI CREDITIZI";"M143";"06/02/2013";"ISCRITTO";"10/05/2013";""
CASHINVOICE;"NON AUTORIZZATO AD OPERARE";"Giuridica";"07911300965";"VIA LARGA 16 - 20122 MILANO (MI)";"MEDIATORI CREDITIZI";"M467";"30/05/2019";"CANCELLATO";"02/07/2024";"CANCELLATO CON PROVVEDIMENTO SANZIONATORIO (ART. 128-DUODECIES, COMMA 1, LET. C, D.LGS. N. 385/1993)"
CBRE D&SF S.R.L.;"SI";"Giuridica";"12437710960";"PIAZZA DEGLI AFFARI 2 - 20123 MILANO (MI)";"MEDIATORI CREDITIZI";"M600";"03/11/2023";"ISCRITTO";"03/11/2023";""
CENTRO FINANZIARIO AMBROSIANO SRL;"SI";"Giuridica";"04164680151";"VIA RUGGERO BONGHI 22 - 20141 MILANO (MI)";"MEDIATORI CREDITIZI";"M187";"30/05/2013";"ISCRITTO";"05/07/2013";""
CFASRL;"SI";"Giuridica";"03298120365";"VIA MAZZINI 182/F - 41049 SASSUOLO (MO)";"MEDIATORI CREDITIZI";"M182";"20/02/2013";"ISCRITTO";"04/04/2013";""
CFINANCE - CORPORATE FINANCE & CONSULTING SRL MEDIAZIONE CREDITIZIA IN BREVE CFINANCE SRL MEDIAZIONE CREDITIZIA;"SI";"Giuridica";"03634680122";"VIA XXII MARZO 20 - 21013 GALLARATE (VA)";"MEDIATORI CREDITIZI";"M432";"22/03/2018";"ISCRITTO";"01/02/2022";""
CFO CREDIT BROKERS S.R.L.;"SI";"Giuridica";"05962260963";"VIA DELL'ANNUNCIATA 23/4 - 20121 MILANO (MI)";"MEDIATORI CREDITIZI";"M376";"23/06/2016";"ISCRITTO";"23/06/2016";""
CFT-FINTECH INSURTECH S.P.A.;"SI";"Giuridica";"15291941001";"VIA NAZIONALE 60 - 00184 ROMA (RM)";"MEDIATORI CREDITIZI";"M477";"05/12/2019";"ISCRITTO";"31/03/2023";""
CHRISTIAN DOMINICI SPA;"SI";"Giuridica";"11196420969";"VIA SAN VITTORE 7 - 20123 MILANO (MI)";"MEDIATORI CREDITIZI";"M484";"11/05/2020";"ISCRITTO";"20/05/2020";""
CHRONOS INVESTMENTS SRL;"SI";"Giuridica";"02505410924";"VIA SIDNEY COSTANTINO SONNINO 33 - 09125 CAGLIARI (CA)";"MEDIATORI CREDITIZI";"M604";"30/11/2023";"ISCRITTO";"06/12/2023";""
CIBIK IMPRESE SRL;"SI";"Giuridica";"02146820028";"VIA S.FRANCESCO N.19 - 22066 MARIANO COMENSE (CO)";"MEDIATORI CREDITIZI";"M174";"20/02/2013";"ISCRITTO";"13/03/2013";""
CIBIK IMPRESE SUD S.R.L.;"SI";"Giuridica";"06302830655";"VIA FRATELLI NAPOLI 22/24/26 - 84084 FISCIANO (SA)";"MEDIATORI CREDITIZI";"M652";"23/05/2025";"ISCRITTO";"12/06/2025";""
CLD CAPITAL BROKER SRL;"SI";"Giuridica";"14221700967";"VIA UBERTO VISCONTI DI MODRONE 1 - 20122 MILANO (MI)";"MEDIATORI CREDITIZI";"M666";"03/10/2025";"ISCRITTO";"03/10/2025";""
CLICCA & FINANZIA;"SI";"Giuridica";"08928370017";"CORSO GIULIO CESARE 268 - 10154 TORINO (TO)";"MEDIATORI CREDITIZI";"M370";"28/04/2016";"ISCRITTO";"02/02/2022";""
CNA CREDITO S.R.L. - MEDIAZIONE CREDITIZIA;"SI";"Giuridica";"03837870405";"PIAZZA L. TOSI N. 4 - 47923 RIMINI (RN)";"MEDIATORI CREDITIZI";"M322";"29/01/2015";"ISCRITTO";"29/01/2015";""
CNA SERVIZI FINANZIARI RAVENNA SRL;"SI";"Giuridica";"02357060397";"VIALE VINCENZO RANDI, 90 - 48121 RAVENNA (RA)";"MEDIATORI CREDITIZI";"M482";"31/03/2020";"ISCRITTO";"31/03/2020";""
COFIMAS SRL UNIPERSONALE;"SI";"Giuridica";"03787580244";"VIA CA' RISORTA 30 - 36030 CALDOGNO (VI)";"MEDIATORI CREDITIZI";"M90";"22/01/2013";"ISCRITTO";"20/03/2013";""
COLLEXTION MEDIAZIONI SRL;"SI";"Giuridica";"14203591004";"VIA IN LUCINA N. 17 - 00186 ROMA (RM)";"MEDIATORI CREDITIZI";"M424";"18/12/2017";"ISCRITTO";"20/12/2017";""
CONCRETO;"SI";"Giuridica";"15806471007";"VIA ILDEBRANDO VIVANTI 157 - 00144 ROMA (RM)";"MEDIATORI CREDITIZI";"M505";"12/01/2021";"ISCRITTO";"29/01/2021";""
CONFYDO MEDIAZIONE CREDITIZIA SRL;"SI";"Giuridica";"16253781005";"PIAZZA CAVOUR N. 17 - 00193 ROMA (RM)";"MEDIATORI CREDITIZI";"M616";"24/04/2024";"ISCRITTO";"20/05/2024";""
CONSULCREDIT S.R.L. MEDIAZIONE CREDITIZIA;"SI";"Giuridica";"09921491214";"VIA PONTE DI TAPPIA 82 - 80133 NAPOLI (NA)";"MEDIATORI CREDITIZI";"M564";"07/12/2022";"ISCRITTO";"15/12/2022";""
COOPCREDIT S.C.P.A.;"SI";"Giuridica";"01426650881";"VIA ALA PONZONE 5 - 26100 CREMONA (CR)";"MEDIATORI CREDITIZI";"M117";"30/01/2013";"ISCRITTO";"27/02/2013";""
COPEFIN SRL;"SI";"Giuridica";"01603540889";"VIA COPERNICO 38 - 20125 MILANO (MI)";"MEDIATORI CREDITIZI";"M425";"31/01/2018";"ISCRITTO";"20/02/2018";""
CORPORATE LANDING SOLUTIONS SRL;"SI";"Giuridica";"02892660545";"VIA GERARDO DOTTORI 85 - 06132 PERUGIA (PG)";"MEDIATORI CREDITIZI";"M319";"15/01/2015";"ISCRITTO";"15/08/2024";""
CREA.RE DIGITAL S.R.L.;"SI";"Giuridica";"13239800017";"VIA DELL'ARCIVESCOVADO 7 - 10121 TORINO (TO)";"MEDIATORI CREDITIZI";"M657";"27/06/2025";"ISCRITTO";"18/07/2025";""
CREAT S.R.L. SOCIETA' DI MEDIAZIONE CREDITIZIA ENUNCIABILE ANCHE "CREAT S.R.L.";"SI";"Giuridica";"01643870338";"VIA MONTEGRAPPA, 178 - 29027 PODENZANO (PC)";"MEDIATORI CREDITIZI";"M662";"06/08/2025";"ISCRITTO";"06/08/2025";""
CREDEND S.R.L.;"SI";"Giuridica";"16935911004";"VIA ANTONIO GRAMSCI 16 - 00065 FIANO ROMANO (RM)";"MEDIATORI CREDITIZI";"M570";"01/03/2023";"ISCRITTO";"09/03/2023";""
CREDI FACILE S.R.L.;"SI";"Giuridica";"17170081008";"VIA ALBERTO TALLONE 84 - 00123 ROMA (RM)";"MEDIATORI CREDITIZI";"M592";"27/07/2023";"ISCRITTO";"08/08/2023";""
CREDIPASS S.R.L.;"SI";"Giuridica";"04072850284";"VIA MARTIRI DI CEFALONIA, N. 5 - 24121 BERGAMO (BG)";"MEDIATORI CREDITIZI";"M12";"29/11/2012";"ISCRITTO";"10/01/2013";""
CREDIT CLOUD - MEDIAZIONE CREDITIZIA SRL;"SI";"Giuridica";"17571021009";"VIA COSIMO DEL FANTE 15 - 20122 MILANO (MI)";"MEDIATORI CREDITIZI";"M621";"15/07/2024";"ISCRITTO";"13/11/2025";""
CREDIT PRIME MEDIAZIONE CREDITIZIA;"SI";"Giuridica";"04323810988";"VIA VARESE, 4 - 20037 PADERNO DUGNANO (MI)";"MEDIATORI CREDITIZI";"M540";"11/02/2022";"ISCRITTO";"04/02/2025";""
CREDIT SOLUTIONS MEDIAZIONE CREDITIZIA S.R.L.;"SI";"Giuridica";"02981420835";"VIA SALVATORE CATTAFI 35 - 98051 BARCELLONA POZZO DI GOTTO (ME)";"MEDIATORI CREDITIZI";"M85";"22/01/2013";"ISCRITTO";"18/02/2013";""
CREDITA S.R.L. MEDIAZIONE CREDITIZIA;"SI";"Giuridica";"14505011008";"VIA TORRE DELLO STINCO, 19B - 00132 ROMA (RM)";"MEDIATORI CREDITIZI";"M430";"28/02/2018";"ISCRITTO";"07/03/2018";""
CREDITALIA SVILUPPO IMPRESA MEDIAZIONE CRED.SRL;"SI";"Giuridica";"02439190659";"VIA MEDINA 40 - 80133 NAPOLI (NA)";"MEDIATORI CREDITIZI";"M140";"19/04/2013";"ISCRITTO";"03/05/2013";""
CREDITAMI S.R.L. - SOCIETA' DI MEDIAZIONE CREDITIZIA;"SI";"Giuridica";"04473330233";"VIA EVANGELISTA TORRICELLI 37 - 37136 VERONA (VR)";"MEDIATORI CREDITIZI";"M590";"23/06/2023";"ISCRITTO";"23/06/2023";""
CREDITO FAMILIARE SOCIETÀ DI MEDIAZIONE CREDITIZIA;"SI";"Giuridica";"17675861003";"VIALE UMBERTO TUPINI 103 - 00144 ROMA (RM)";"MEDIATORI CREDITIZI";"M626";"02/08/2024";"ISCRITTO";"02/08/2024";""
CREDITO IDEALE MEDIAZIONE CREDITIZIA;"SI";"Giuridica";"02287740514";"VIA FRANCESCO RAIBOLINI 3 - 40069 ZOLA PREDOSA (BO)";"MEDIATORI CREDITIZI";"M417";"25/10/2017";"ISCRITTO";"14/11/2017";""
CREDITO SERENO MEDIAZIONE CREDITIZIA SRL;"SI";"Giuridica";"03215130646";"CORSO VITTORIO EMANUELE 58 - 83100 AVELLINO (AV)";"MEDIATORI CREDITIZI";"M671";"30/12/2025";"ISCRITTO";"22/01/2026";""
CREDITO X L'IMPRESA SRL;"SI";"Giuridica";"09462490963";"VIA SARDEGNA 39 - 20146 MILANO (MI)";"MEDIATORI CREDITIZI";"M485";"21/05/2020";"ISCRITTO";"06/11/2020";""
CREDIT-ONE S.P.A. SOCIETA' DI MEDIAZIONE CREDITIZIA;"SI";"Giuridica";"13849111003";"PIAZZA DEL POPOLO 18 - 00187 ROMA (RM)";"MEDIATORI CREDITIZI";"M384";"08/11/2016";"ISCRITTO";"11/04/2024";""
CREDITOXTE SRL;"NON AUTORIZZATO AD OPERARE";"Giuridica";"03257140164";"VIA SARDEGNA 39 - 20146 MILANO (MI)";"MEDIATORI CREDITIZI";"M274";"24/07/2013";"ISCRITTO NON-OPERATIVO";"29/01/2026";"DAL 29/01/2026 PER MANCATA COMUNICAZIONE DI DIPENDENTI / COLLABORATORI"
CREDITPLAN ITALIA NETWORK DI MEDIAZIONE CREDITIZIA;"SI";"Giuridica";"06197620963";"VIA GIACOMO TOSI 3 - 20900 MONZA (MB)";"MEDIATORI CREDITIZI";"M30";"08/01/2013";"ISCRITTO";"22/01/2013";""
CREDOW BY SF1 S.R.L.;"SI";"Giuridica";"03229630839";"VIA GARIBALDI N. 99 - 98122 MESSINA (ME)";"MEDIATORI CREDITIZI";"M126";"06/02/2013";"ISCRITTO";"17/04/2013";""
CREED FINANCE MEDIAZIONE CREDITIZIA SRL;"SI";"Giuridica";"09657290962";"VIA SEBASTIANO VENIERO, 04 - 20148 MILANO (MI)";"MEDIATORI CREDITIZI";"M461";"22/03/2019";"ISCRITTO";"03/04/2019";""
CRESCITALIA MEDIAZIONE CREDITIZIA  SRL;"SI";"Giuridica";"10913640966";"CORSO MAGENTA 56 - 20123 MILANO (MI)";"MEDIATORI CREDITIZI";"M548";"14/04/2022";"ISCRITTO";"20/04/2022";""
CROWDCITY S.R.L;"SI";"Giuridica";"08676310967";"VIA CROCEFISSO 6 - 20122 MILANO (MI)";"MEDIATORI CREDITIZI";"M445";"26/07/2018";"ISCRITTO";"30/11/2022";""
CSI 88;"SI";"Giuridica";"12062650010";"VIA GUARINO GUARINI 4 - 10123 TORINO (TO)";"MEDIATORI CREDITIZI";"M475";"15/11/2019";"ISCRITTO";"20/11/2019";""
D'AMICO & PARTNERS CONSULTING SRL;"SI";"Giuridica";"04622630988";"PIAZZA DELLA VITTORIA - 25121 BRESCIA (BS)";"MEDIATORI CREDITIZI";"M640";"10/01/2025";"ISCRITTO";"29/01/2025";""
DED CONSULTING SRL;"SI";"Giuridica";"06359441000";"LARGO OLGIATA 15/20F2 - 00123 ROMA (RM)";"MEDIATORI CREDITIZI";"M8";"14/11/2012";"ISCRITTO";"10/05/2013";""
DIGITAL CREDIT ITALIA MEDIAZIONE CREDITIZIA SRL;"SI";"Giuridica";"17638221006";"VIA PREMUDA 16 - 00195 ROMA (RM)";"MEDIATORI CREDITIZI";"M625";"02/08/2024";"ISCRITTO";"06/08/2024";""
E FINANZA MEDIAZIONE CREDITIZIA;"SI";"Giuridica";"04233741208";"VIA EMILIA 76 - 40011 ANZOLA DELL'EMILIA (BO)";"MEDIATORI CREDITIZI";"M634";"16/10/2024";"ISCRITTO";"23/10/2024";""
EB FINANCE SRL;"SI";"Giuridica";"01770650685";"VIA LUDOVISI, 16 - 00187 ROMA (RM)";"MEDIATORI CREDITIZI";"M127";"06/02/2013";"ISCRITTO";"30/03/2013";""
EC&M CAPITAL S.R.L.;"SI";"Giuridica";"01409580774";"VIA ANTONIO DE VITI DE MARCO 9 - 75100 MATERA (MT)";"MEDIATORI CREDITIZI";"M608";"16/02/2024";"ISCRITTO";"14/07/2025";""
ECOCRED FINANCE MEDIATORE CREDITIZIO;"SI";"Giuridica";"08040320965";"PIAZZA SANT'AMBROGIO 10 - 20123 MILANO (MI)";"MEDIATORI CREDITIZI";"M403";"30/03/2017";"ISCRITTO";"09/10/2020";""
ER BROKER S.P.A.;"SI";"Giuridica";"04056151204";"VIA DELL'ELETTRICISTA 4/B - 40138 BOLOGNA (BO)";"MEDIATORI CREDITIZI";"M560";"30/09/2022";"ISCRITTO";"04/10/2022";""
ERMES SRL;"SI";"Giuridica";"10901610963";"VIA UBERTO VISCONTI DI MODRONE 27 - 20122 MILANO (MI)";"MEDIATORI CREDITIZI";"M487";"28/07/2020";"ISCRITTO";"25/05/2022";""
ETICA FINANZIARIA SRL;"SI";"Giuridica";"03223930987";"VIA SAN ZENO 63 - 25124 BRESCIA (BS)";"MEDIATORI CREDITIZI";"M320";"15/01/2015";"ISCRITTO";"18/10/2023";""
EUFIDIA EUROPE & COMPANY;"SI";"Giuridica";"03104730969";"PIAZZA DEL DUOMO 16 - 20122 MILANO (MI)";"MEDIATORI CREDITIZI";"M450";"13/11/2018";"ISCRITTO";"13/11/2018";""
EURO E FINANZA SRL;"SI";"Giuridica";"04428291217";"VIA F. DE LAUZIERES, 46 - 80046 SAN GIORGIO A CREMANO (NA)";"MEDIATORI CREDITIZI";"M315";"20/11/2014";"ISCRITTO";"26/11/2014";""
EUROANSA SPA;"SI";"Giuridica";"04526210960";"PIAZZA CAVOUR 7 - 20121 MILANO (MI)";"MEDIATORI CREDITIZI";"M191";"27/02/2013";"ISCRITTO";"13/03/2013";""
EUROBROKER ITALIA SPA;"SI";"Giuridica";"08110181008";"VIA FLAMINIA 21 - 00196 ROMA (RM)";"MEDIATORI CREDITIZI";"M230";"19/04/2013";"ISCRITTO";"23/01/2024";""
EUROFIN CONSULTING SRL - SOCIETÀ DI MEDIAZIONE CREDITIZIA;"SI";"Giuridica";"02291920516";"CORSO GIACOMO MATTEOTTI 79 - 23900 LECCO (LC)";"MEDIATORI CREDITIZI";"M422";"25/10/2017";"ISCRITTO";"25/10/2017";""
EUROFIN TECH SRL;"SI";"Giuridica";"07114280824";"VIA GAETANO DONIZETTI, 14 - 90134 PALERMO (PA)";"MEDIATORI CREDITIZI";"M572";"09/03/2023";"ISCRITTO";"27/03/2023";""
EUROLENDING MEDIAZIONE CREDITIZIA;"SI";"Giuridica";"15132691005";"VIA CRESCENZIO, 97 - 00193 ROMA (RM)";"MEDIATORI CREDITIZI";"M516";"14/04/2021";"ISCRITTO";"14/04/2021";""
EUROPROGRESS SRL;"SI";"Giuridica";"01704990504";"VIA PACINOTTI  6/A - 56029 SANTA CROCE SULL'ARNO (PI)";"MEDIATORI CREDITIZI";"M266";"20/06/2013";"ISCRITTO";"29/01/2021";""
EVO FINANCE MEDIAZIONE CREDITIZIA SRL;"SI";"Giuridica";"18035281007";"VIA DEGLI UFFICI DEL VICARIO 43 - 00186 ROMA (RM)";"MEDIATORI CREDITIZI";"M660";"28/07/2025";"ISCRITTO";"31/07/2025";""
EXPORT TRADE FINANCE;"SI";"Giuridica";"04608050276";"SESTIERE SANTA CROCE 505 - 30135 VENEZIA (VE)";"MEDIATORI CREDITIZI";"M490";"04/08/2020";"ISCRITTO";"04/08/2020";""
EXVI MEDIAZIONE;"SI";"Giuridica";"09766060967";"VIA SANT'ORSOLA N. 12 - 20123 MILANO (MI)";"MEDIATORI CREDITIZI";"M664";"05/09/2025";"ISCRITTO";"11/09/2025";""
FACILE MUTUARE S.R.L SOCIETÀ DI MEDIAZIONE CREDITIZIA;"SI";"Giuridica";"01690160914";"VIALE DELLA REPUBBLICA N. 166 - 08100 NUORO (NU)";"MEDIATORI CREDITIZI";"M669";"14/11/2025";"ISCRITTO";"19/11/2025";""
FACILE.IT MEDIAZIONE CREDITIZIA S.P.A.;"SI";"Giuridica";"06158600962";"EX SS 131 KM 10 - 09028 SESTU (CA)";"MEDIATORI CREDITIZI";"M201";"06/03/2013";"ISCRITTO";"21/03/2013";""
FACILE.IT MUTUI E PRESTITI;"SI";"Giuridica";"02959700168";"VIA SANNIO, 3 - 20137 MILANO (MI)";"MEDIATORI CREDITIZI";"M23";"18/12/2012";"ISCRITTO";"03/01/2013";""
FAICREDITO - SOCIETÀ DI MEDIAZIONE CREDITIZIA SRL;"SI";"Giuridica";"05057200288";"VIA SANTA LUCIA 51 - 35139 PADOVA (PD)";"MEDIATORI CREDITIZI";"M412";"26/07/2017";"ISCRITTO";"30/05/2024";""
FAIRONE SPA;"SI";"Giuridica";"06936210969";"PIAZZA SICILIA 7 - 20146 MILANO (MI)";"MEDIATORI CREDITIZI";"M215";"19/03/2013";"ISCRITTO";"19/03/2013";""
FALANGA FINANCIAL SOLUTIONS SRL;"SI";"Giuridica";"04552020655";"VIA RAFFAELE CONFORTI 17 - 84122 SALERNO (SA)";"MEDIATORI CREDITIZI";"M167";"13/02/2013";"ISCRITTO";"17/02/2025";""
FB S.R.L.;"NON AUTORIZZATO AD OPERARE";"Giuridica";"12474950016";"VIA  GIUSEPPE MASSARI, 189/A - 10148 TORINO (TO)";"MEDIATORI CREDITIZI";"M525";"25/06/2021";"CANCELLATO";"26/09/2025";"CANCELLATO CON PROVVEDIMENTO SANZIONATORIO (ART. 128-DUODECIES, COMMA 1, LET. C, D.LGS. N. 385/1993)"
FD SERVICE S.R.L.;"SI";"Giuridica";"12729860960";"VIA VITRUVIO 42 - 20124 MILANO (MI)";"MEDIATORI CREDITIZI";"M584";"26/05/2023";"ISCRITTO";"01/06/2023";""
FGA CAPITAL SRL;"SI";"Giuridica";"16078681000";"VIALE DE CARAVAGGIO 67 - 00147 ROMA (RM)";"MEDIATORI CREDITIZI";"M530";"02/09/2021";"ISCRITTO";"13/09/2021";""
FI.MA. S.R.L. UNIPERSONALE;"SI";"Giuridica";"01831390446";"VIA VINCENZO TACCARI 37 - 63900 FERMO (FM)";"MEDIATORI CREDITIZI";"M147";"06/02/2013";"ISCRITTO";"23/10/2020";""
FIDEA SRL;"SI";"Giuridica";"01884180447";"VIA CIRCONVALLAZIONE CLEMENTINA 4 - 63839 SERVIGLIANO (FM)";"MEDIATORI CREDITIZI";"M9";"14/11/2012";"ISCRITTO";"12/03/2013";""
FIDILINK SRL;"SI";"Giuridica";"03563860125";"VIA G. DONIZETTI, 6 - 21100 VARESE (VA)";"MEDIATORI CREDITIZI";"M391";"31/01/2017";"ISCRITTO";"13/02/2017";""
FIDOIMPRESA S.R.L.;"SI";"Giuridica";"03877300230";"VIALE DEL LAVORO 45 SC B P 4 - 37036 SAN MARTINO BUON ALBERGO (VR)";"MEDIATORI CREDITIZI";"M186";"20/02/2013";"ISCRITTO";"06/03/2013";""
FILARETE S.R.L.;"SI";"Giuridica";"13887290966";"PIAZZETTA UMBERTO GIORDANO 2 - 20122 MILANO (MI)";"MEDIATORI CREDITIZI";"M646";"07/03/2025";"ISCRITTO";"14/03/2025";""
FIMMUTUI - CONSULENZA E MEDIAZIONE CREDITIZIA S.R.L.;"SI";"Giuridica";"03786580658";"VIA SAN BERARDINO 41 - 84025 EBOLI (SA)";"MEDIATORI CREDITIZI";"M382";"20/09/2016";"ISCRITTO";"20/09/2016";""
FIN BE LEADER S.R.L.;"SI";"Giuridica";"04049590369";"PIAZZA UNITÀ D'ITALIA 16 - 41043 FORMIGINE (MO)";"MEDIATORI CREDITIZI";"M563";"04/11/2022";"ISCRITTO";"04/11/2022";""
FIN NEWS S.R.L. MEDIAZIONE CREDITIZIA;"SI";"Giuridica";"04357850652";"STRADA PROVINCIALE NOCERA SARNO P.1 N. 85 - 84014 NOCERA INFERIORE (SA)";"MEDIATORI CREDITIZI";"M535";"03/12/2021";"ISCRITTO";"03/12/2021";""
FIN SOLUTION ITALIA SPA;"SI";"Giuridica";"05210220967";"VIA GRAMSCI 10 - 20900 MONZA (MB)";"MEDIATORI CREDITIZI";"M561";"17/10/2022";"ISCRITTO";"17/10/2022";""
FINABACO SRL;"SI";"Giuridica";"01542400708";"VIA UMBERTO I°, 14/16 - 86100 CAMPOBASSO (CB)";"MEDIATORI CREDITIZI";"M27";"08/01/2013";"ISCRITTO";"07/02/2013";""
FINANCIAL CAPITAL SRL MEDIAZIONE CREDITIZIA;"SI";"Giuridica";"03223670641";"CORSO VITTORIO EMANUELE II 123 - 83100 AVELLINO (AV)";"MEDIATORI CREDITIZI";"M667";"10/10/2025";"ISCRITTO";"10/10/2025";""
FINANZA INDIPENDENTE SRL;"SI";"Giuridica";"04610440655";"VIA PAOLO BARATTA,80 - 84091 BATTIPAGLIA (SA)";"MEDIATORI CREDITIZI";"M221";"26/03/2013";"ISCRITTO";"03/05/2013";""
FINANZIA SRL SOCIETÀ DI MEDIAZIONE CREDITIZIA;"SI";"Giuridica";"17817441003";"CIRCONVALLAZIONE CLODIA 163/167 - 00195 ROMA (RM)";"MEDIATORI CREDITIZI";"M639";"23/12/2024";"ISCRITTO";"30/12/2024";""
FINANZIARIO.TECH SRL;"SI";"Giuridica";"13660780969";"VIA MONTENAPOLEONE 8 - 20121 MILANO (MI)";"MEDIATORI CREDITIZI";"M629";"25/09/2024";"ISCRITTO";"11/10/2024";""
FINARTCNA SRL;"SI";"Giuridica";"03946440488";"VIA ALAMANNI 23 - 50123 FIRENZE (FI)";"MEDIATORI CREDITIZI";"M179";"20/02/2013";"ISCRITTO";"07/03/2013";""
FINCLIC S.R.L.;"SI";"Giuridica";"13698520965";"VIALE MONZA 294 - 20128 MILANO (MI)";"MEDIATORI CREDITIZI";"M628";"25/09/2024";"ISCRITTO";"25/09/2024";""
FINCONTATTO SRL;"SI";"Giuridica";"03250730615";"VICO TUTTI I SANTI 3 - 80141 NAPOLI (NA)";"MEDIATORI CREDITIZI";"M219";"26/03/2013";"ISCRITTO";"17/04/2013";""
FINCREDITO SPA- SOCIETA' DI MEDIAZIONE CREDITIZIA;"SI";"Giuridica";"14944491001";"VIALE EUROPA 323 - 00144 ROMA (RM)";"MEDIATORI CREDITIZI";"M460";"14/03/2019";"ISCRITTO";"06/02/2025";""
FINERA MEDIAZIONE;"SI";"Giuridica";"06790260829";"VIA FORCELLA 11 - 72015 FASANO (BR)";"MEDIATORI CREDITIZI";"M498";"26/10/2020";"ISCRITTO";"26/10/2020";""
FINETICA S.R.L.;"SI";"Giuridica";"03008230983";"VIA MEJO VOLTOLINA, 31 - 25124 BRESCIA (BS)";"MEDIATORI CREDITIZI";"M171";"13/02/2013";"ISCRITTO";"13/02/2013";""
FINIMPRESA S.R.L.;"SI";"Giuridica";"03318550369";"VIA MALAVOLTI 27 - 41122 MODENA (MO)";"MEDIATORI CREDITIZI";"M306";"17/07/2014";"ISCRITTO";"31/07/2014";""
FINKREA S.R.L.;"SI";"Giuridica";"17725481000";"VIALE DELLE MILIZIE N.138 - 00192 ROMA (RM)";"MEDIATORI CREDITIZI";"M633";"10/10/2024";"ISCRITTO";"10/10/2024";""
FINMARK SRL - SOCIETA' DI MEDIAZIONE CREDITIZIA;"SI";"Giuridica";"05421860486";"VIA WOLKENSTEIN 6 - 39100 BOLZANO * BOZEN (BZ)";"MEDIATORI CREDITIZI";"M120";"06/02/2013";"ISCRITTO";"21/03/2013";""
FIN-MD-TECH S.R.L.;"NON AUTORIZZATO AD OPERARE";"Giuridica";"12450810960";"VIA PIETRO COSSA 2 - 20122 MILANO (MI)";"MEDIATORI CREDITIZI";"M565";"29/12/2022";"CANCELLATO";"26/09/2025";"CANCELLATO CON PROVVEDIMENTO SANZIONATORIO (ART. 128-DUODECIES, COMMA 1, LET. C, D.LGS. N. 385/1993)"
FINRE FINANCE MEDIAZIONE CREDITIZIA S.R.L.;"SI";"Giuridica";"17146081009";"PIAZZA SANT'AGOSTINO  29 - 84121 SALERNO (SA)";"MEDIATORI CREDITIZI";"M619";"21/06/2024";"ISCRITTO";"04/07/2024";""
FINSERVICE MEDIAZIONE CREDITIZIA CORPORATE SRL;"SI";"Giuridica";"01874960238";"VIA ISARCO 14 - 37137 VERONA (VR)";"MEDIATORI CREDITIZI";"M345";"28/07/2015";"ISCRITTO";"28/07/2015";""
FINSERVIZI SRL;"SI";"Giuridica";"02581930605";"VIA MÀRIA 51 - 03100 FROSINONE (FR)";"MEDIATORI CREDITIZI";"M321";"15/01/2015";"ISCRITTO";"15/01/2015";""
FINSITALIA MEDIAZIONE SRL;"SI";"Giuridica";"04229390986";"VIA ALDO MORO , 16 - 25124 BRESCIA (BS)";"MEDIATORI CREDITIZI";"M511";"10/02/2021";"ISCRITTO";"07/03/2024";""
FINSMART S.R.L. SOCIETA' DI MEDIAZIONE CREDITIZIA;"SI";"Giuridica";"04131591200";"VIA MICHELINO 57 - 40127 BOLOGNA (BO)";"MEDIATORI CREDITIZI";"M649";"14/04/2025";"ISCRITTO";"14/05/2025";""
FINTECH MEDIA FINANCE S.R.L. MEDIAZIONE CREDITIZIA;"SI";"Giuridica";"04120570983";"VIA FILIPPO LIPPI 11 - 25134 BRESCIA (BS)";"MEDIATORI CREDITIZI";"M472";"17/10/2019";"ISCRITTO";"17/10/2019";""
FINTRADE INVEST S.P.A.;"NON AUTORIZZATO AD OPERARE";"Giuridica";"04258900960";"VIA DI PORTA PINCIANA N. 6 - 00187 ROMA (RM)";"MEDIATORI CREDITIZI";"M194";"27/02/2013";"CANCELLATO";"04/05/2021";"CANCELLATO CON PROVVEDIMENTO SANZIONATORIO (ART. 128-DUODECIES, COMMA 1, LET. C, D.LGS. N. 385/1993)"
FLOW CAPITAL S.R.L.;"SI";"Giuridica";"06331450657";"VIA APOSTOLICO MONTALBINO 2/4 - 84014 NOCERA INFERIORE (SA)";"MEDIATORI CREDITIZI";"M655";"13/06/2025";"ISCRITTO";"24/06/2025";""
FMC FINANCE MEDIATORE CREDITIZIO;"SI";"Giuridica";"04431100264";"VIA DEL COMMERCIO 11 E 12 - 17038 VILLANOVA D'ALBENGA (SV)";"MEDIATORI CREDITIZI";"M87";"22/01/2013";"ISCRITTO";"22/01/2013";""
FOR MEDIA S.R.L.;"SI";"Giuridica";"12964890011";"VIA VERNEA N. 31 - 10042 NICHELINO (TO)";"MEDIATORI CREDITIZI";"M609";"16/02/2024";"ISCRITTO";"21/02/2024";""
FT BROKER S.P.A.;"SI";"Giuridica";"14035771006";"VIA IRNO 2 - 84135 SALERNO (SA)";"MEDIATORI CREDITIZI";"M410";"26/07/2017";"ISCRITTO";"02/12/2025";""
GARANTEX SRL;"NON AUTORIZZATO AD OPERARE";"Giuridica";"01687140333";"VIA MEDICI,2 - 20123 MILANO (MI)";"MEDIATORI CREDITIZI";"M341";"11/06/2015";"CANCELLATO";"05/05/2021";"CANCELLATO CON PROVVEDIMENTO SANZIONATORIO (ART. 128-DUODECIES, COMMA 1, LET. C, D.LGS. N. 385/1993)"
GDR CONSULTING SRL;"SI";"Giuridica";"06494120964";"VIA CANOVA 21 - 20145 MILANO (MI)";"MEDIATORI CREDITIZI";"M45";"15/01/2013";"ISCRITTO";"20/01/2025";""
GE.SI. FINANCE - MEDIAZIONE CREDITIZIA S.P.A.;"SI";"Giuridica";"10930651004";"VIA BRENTA 2/A - 00198 ROMA (RM)";"MEDIATORI CREDITIZI";"M383";"20/09/2016";"ISCRITTO";"20/09/2016";""
GEPA SRL;"SI";"Giuridica";"12402331008";"VIA SALARIA, 400 - 00199 ROMA (RM)";"MEDIATORI CREDITIZI";"M435";"23/04/2018";"ISCRITTO";"14/06/2018";""
GEST CONSULTING SRL;"SI";"Giuridica";"09255931215";"CENTRO DIREZIONALE DI NAPOLI SNC ISOLA F4 - 80143 NAPOLI (NA)";"MEDIATORI CREDITIZI";"M615";"24/04/2024";"ISCRITTO";"30/04/2024";""
GLH FINANCE MEDIAZIONE CREDITIZIA S.R.L.;"NON AUTORIZZATO AD OPERARE";"Giuridica";"08828100969";"CORSO DELLA RESISTENZA N. 23 - 20821 MEDA (MB)";"MEDIATORI CREDITIZI";"M508";"14/01/2021";"CANCELLATO";"02/07/2024";"CANCELLATO CON PROVVEDIMENTO SANZIONATORIO (ART. 128-DUODECIES, COMMA 1, LET. C, D.LGS. N. 385/1993)"
GLOBO S.R.L.;"SI";"Giuridica";"03610130837";"VIA SANT'ANTONINO, 16 - 98066 PATTI (ME)";"MEDIATORI CREDITIZI";"M486";"19/06/2020";"ISCRITTO";"25/06/2020";""
GM+3;"SI";"Giuridica";"12858830016";"VIA ERMANNO COSSOLO 9 - 10029 VILLASTELLONE (TO)";"MEDIATORI CREDITIZI";"M588";"01/06/2023";"ISCRITTO";"13/06/2023";""
GOVERNA S.R.L.;"SI";"Giuridica";"17412611000";"V.LE CARSO N.12 - 00195 ROMA (RM)";"MEDIATORI CREDITIZI";"M606";"09/02/2024";"ISCRITTO";"14/02/2024";""
GR ADVICE SRL;"SI";"Giuridica";"03797160987";"VIA TOBRUK 2 - 25015 DESENZANO DEL GARDA (BS)";"MEDIATORI CREDITIZI";"M368";"28/04/2016";"ISCRITTO";"18/05/2016";""
GREEN GAP S.R.L.;"SI";"Giuridica";"11661260965";"PIAZZA SAN MARCO 1 - 20121 MILANO (MI)";"MEDIATORI CREDITIZI";"M597";"29/09/2023";"ISCRITTO";"29/09/2023";""
GRIFOFINANCE CONSULENZA E MEDIAZIONE CREDITIZIA S.R.L.;"SI";"Giuridica";"11994690961";"VIA LARGA, 8 - 20122 MILANO (MI)";"MEDIATORI CREDITIZI";"M538";"03/02/2022";"ISCRITTO";"17/02/2022";""
GRUPPO HPM SRL;"SI";"Giuridica";"01895300224";"CORSO ITALIA, 117 - 20832 DESIO (MB)";"MEDIATORI CREDITIZI";"M668";"22/10/2025";"ISCRITTO";"21/11/2025";""
HABACUS SRL;"SI";"Giuridica";"04906910262";"VIA CAPPUCCIO 14 - 20123 MILANO (MI)";"MEDIATORI CREDITIZI";"M661";"06/08/2025";"ISCRITTO";"29/08/2025";""
HI FINANCE SOCIETA' DI MEDIAZIONE CREDITIZIA S.R.L.;"SI";"Giuridica";"01882180092";"VIA DEL SERAFICO 169 - 00142 ROMA (RM)";"MEDIATORI CREDITIZI";"M594";"27/07/2023";"ISCRITTO";"09/08/2023";""
IBC S.R.L.;"SI";"Giuridica";"02916490739";"VIA REDIPUGLIA N.5 - 74016 MASSAFRA (TA)";"MEDIATORI CREDITIZI";"M108";"29/01/2013";"ISCRITTO";"29/01/2013";""
IDEALISTA MEDIAZIONE CREDITIZIA S.R.L.;"SI";"Giuridica";"11851330966";"CORSO ITALIA, 3 - 20122 MILANO (MI)";"MEDIATORI CREDITIZI";"M529";"11/08/2021";"ISCRITTO";"21/02/2022";""
I-FIN SRL;"NON AUTORIZZATO AD OPERARE";"Giuridica";"16553921004";"VIA RUGGERO GIOVANNELLI 5 - 00198 ROMA (RM)";"MEDIATORI CREDITIZI";"M546";"18/03/2022";"CANCELLATO";"05/11/2025";"CANCELLATO CON PROVVEDIMENTO SANZIONATORIO (ART. 128-DUODECIES, COMMA 1, LET. C, D.LGS. N. 385/1993)"
IGB ADVANCE SRL;"SI";"Giuridica";"09530131219";"VIA GIOVANNI PORZIO, 4 - 80143 NAPOLI (NA)";"MEDIATORI CREDITIZI";"M491";"04/08/2020";"ISCRITTO";"04/08/2020";""
IL MEDIATORE CREDITIZIO SRL;"SI";"Giuridica";"03828840268";"VIA GALILEO GALILEI 13/1 - 31057 SILEA (TV)";"MEDIATORI CREDITIZI";"M237";"19/04/2013";"ISCRITTO";"12/07/2013";""
IMC S.R.L.;"SI";"Giuridica";"12817350965";"VIA PECCHIO 1 - 20131 MILANO (MI)";"MEDIATORI CREDITIZI";"M573";"20/03/2023";"ISCRITTO";"17/06/2025";""
IMG MEDIAZIONE CREDITIZIA SRL;"SI";"Giuridica";"02627660414";"VIA DEGLI ABETI 312 - 61122 PESARO (PU)";"MEDIATORI CREDITIZI";"M401";"30/03/2017";"ISCRITTO";"30/03/2017";""
IMMOBILIARE.IT MUTUI S.R.L.;"SI";"Giuridica";"14068211003";"VIA CURTATONE, 4D - 00185 ROMA (RM)";"MEDIATORI CREDITIZI";"M470";"19/07/2019";"ISCRITTO";"22/07/2019";""
INFINITY BUSINESS MANAGEMENT;"SI";"Giuridica";"15771581004";"VIA DEL CASTRO PRETORIO, 30 - 00185 ROMA (RM)";"MEDIATORI CREDITIZI";"M539";"11/02/2022";"ISCRITTO";"17/02/2022";""
INFOMONEY S.R.L.;"SI";"Giuridica";"03798960831";"VIA NINO BIXIO, 14 - 98071 CAPO D'ORLANDO (ME)";"MEDIATORI CREDITIZI";"M638";"11/12/2024";"ISCRITTO";"13/01/2025";""
ING. GIACINTO ZOCCALI S.R.L.;"SI";"Giuridica";"01683470643";"VIA MARTUCCI,40 - 80121 NAPOLI (NA)";"MEDIATORI CREDITIZI";"M222";"26/03/2013";"ISCRITTO";"24/04/2013";""
INT.FIN.SPA;"NON AUTORIZZATO AD OPERARE";"Giuridica";"11610550961";"VIA ANTONIO LOCATELLI, 1 - 37122 VERONA (VR)";"MEDIATORI CREDITIZI";"M595";"04/08/2023";"ISCRITTO NON-OPERATIVO";"05/03/2025";"DAL 05/03/2025 PER MANCATA COMUNICAZIONE DI DIPENDENTI / COLLABORATORI"
INTEGRA FINANCE MEDIAZIONE CREDITIZIA;"SI";"Giuridica";"10634620016";"VIA DEL COMMERCIO 11/12 - 17038 VILLANOVA D'ALBENGA (SV)";"MEDIATORI CREDITIZI";"M118";"06/02/2013";"ISCRITTO";"06/03/2013";""
INTEGRACY FINANCE MEDIAZIONE CREDITIZIA SRL;"SI";"Giuridica";"04293570240";"VIALE DEL MERCATO NUOVO, 44/G - 36100 VICENZA (VI)";"MEDIATORI CREDITIZI";"M501";"20/11/2020";"ISCRITTO";"10/12/2020";""
INTEREKSPERT;"NON AUTORIZZATO AD OPERARE";"Giuridica";"01307280329";"VIA GIUSEPPE VERDI N.13 - 25030 ERBUSCO (BS)";"MEDIATORI CREDITIZI";"M433";"22/03/2018";"CANCELLATO";"04/05/2021";"CANCELLATO CON PROVVEDIMENTO SANZIONATORIO (ART. 128-DUODECIES, COMMA 1, LET. C, D.LGS. N. 385/1993)"
INTERMEDIA CONSULTING S.R.L.;"SI";"Giuridica";"02786660429";"VIA  ARNALDO BELLAGAMBA 5 - 60035 JESI (AN)";"MEDIATORI CREDITIZI";"M453";"20/12/2018";"ISCRITTO";"23/12/2021";""
INTERMEDIA SRL - MEDIAZIONE CREDITIZIA;"SI";"Giuridica";"01913190672";"VIA DELFICO 73 - 64100 TERAMO (TE)";"MEDIATORI CREDITIZI";"M327";"06/03/2015";"ISCRITTO";"27/01/2020";""
IPC CONSULTING & FINANCE S.R.L. MEDIAZIONE CREDITIZIA;"SI";"Giuridica";"07348870630";"VIA UBERTO VISCONTI DI MODRONE N. 18 - 20122 MILANO (MI)";"MEDIATORI CREDITIZI";"M224";"28/03/2013";"ISCRITTO";"22/10/2018";""
IROQ S.R.L.;"SI";"Giuridica";"14259000967";"VIA LUIGI SETTEMBRINI 47 - 20124 MILANO (MI)";"MEDIATORI CREDITIZI";"M658";"11/07/2025";"ISCRITTO";"23/07/2025";""
ISTITUTO DI MEDIAZIONE CREDITIZIA SRL;"SI";"Giuridica";"15803851003";"VIA CIRCONVALLAZIONE TRIONFALE 37 - 00195 ROMA (RM)";"MEDIATORI CREDITIZI";"M519";"05/05/2021";"ISCRITTO";"17/05/2021";""
ITALFINANCE - MEDIAZIONE CREDITIZIA CORPORATE SRL;"SI";"Giuridica";"06258570966";"VIA ENRICO BESANA, 5 - 20122 MILANO (MI)";"MEDIATORI CREDITIZI";"M99";"29/01/2013";"ISCRITTO";"11/03/2013";""
ITALIA FINANZA S.R.L.;"SI";"Giuridica";"18182341000";"VIALE MARCO POLO 61 - 00154 ROMA (RM)";"MEDIATORI CREDITIZI";"M665";"05/09/2025";"ISCRITTO";"18/09/2025";""
ITALIA RISORSE S.P.A.;"NON AUTORIZZATO AD OPERARE";"Giuridica";"02444460659";"PIAZZA SAN LORENZO IN LUCINA,4 - 00186 ROMA (RM)";"MEDIATORI CREDITIZI";"M380";"08/09/2016";"CANCELLATO";"02/07/2024";"CANCELLATO CON PROVVEDIMENTO SANZIONATORIO (ART. 128-DUODECIES, COMMA 1, LET. C, D.LGS. N. 385/1993)"
ITALSOFT FINANCE S.R.L. - SOCIETÀ DI MEDIAZIONE CREDITIZIA;"SI";"Giuridica";"08213500963";"VIA GIORDANO BRUNO, 13A - 45100 ROVIGO (RO)";"MEDIATORI CREDITIZI";"M387";"08/11/2016";"ISCRITTO";"11/07/2023";""
ITF SRL;"SI";"Giuridica";"05212940281";"VIA G. MEDICI 9A - 35138 PADOVA (PD)";"MEDIATORI CREDITIZI";"M559";"05/08/2022";"ISCRITTO";"24/05/2024";""
KANRI CORPORATE SERVICE S.R.L.;"SI";"Giuridica";"13605580961";"LARGO FRANCESCO RICHINI 6 - 20122 MILANO (MI)";"MEDIATORI CREDITIZI";"M630";"25/09/2024";"ISCRITTO";"25/10/2024";""
KEDAFIN MEDIAZIONE CREDITIZIA SRL;"SI";"Giuridica";"13072540969";"VIA ANDREA APPIANI 12 - 20121 MILANO (MI)";"MEDIATORI CREDITIZI";"M602";"09/11/2023";"ISCRITTO";"15/11/2023";""
KEYFIN S.R.L.;"SI";"Giuridica";"11315410966";"VIALE LOMBARDIA, 20 - 20131 MILANO (MI)";"MEDIATORI CREDITIZI";"M495";"25/09/2020";"ISCRITTO";"15/10/2025";""
KIRON PARTNER S.P.A.;"SI";"Giuridica";"08986120155";"VIA MONTE BIANCO N. 60/A - 20089 ROZZANO (MI)";"MEDIATORI CREDITIZI";"M39";"08/01/2013";"ISCRITTO";"08/01/2013";""
KRONOS SOLUZIONI FINANZIARIE;"SI";"Giuridica";"01921600027";"PIAZZA MARTIRI, 5 - 28060 COMIGNAGO (NO)";"MEDIATORI CREDITIZI";"M448";"13/11/2018";"ISCRITTO";"23/11/2018";""
LA COMPAGNIA - SOCIETA' DI MEDIAZIONE CREDITIZIA S.P.A.;"SI";"Giuridica";"12905740010";"PIAZZA BELGIOIOSO, 2 - 20121 MILANO (MI)";"MEDIATORI CREDITIZI";"M656";"20/06/2025";"ISCRITTO";"23/06/2025";""
LAFINANZIO MEDIAZIONE CREDITIZIA SRL;"NON AUTORIZZATO AD OPERARE";"Giuridica";"12777880969";"VIA SEBASTIANO VALFRE' 18 - 10121 TORINO (TO)";"MEDIATORI CREDITIZI";"M571";"09/03/2023";"ISCRITTO NON-OPERATIVO";"18/12/2025";"DAL 18/12/2025 PER MANCATA COMUNICAZIONE DI DIPENDENTI / COLLABORATORI"
LEALLY SRL;"SI";"Giuridica";"13251140961";"CORSO SEMPIONE 39 - 20145 MILANO (MI)";"MEDIATORI CREDITIZI";"M613";"05/04/2024";"ISCRITTO";"03/09/2025";""
LENDING BRIDGE SOLUTIONS SRL;"SI";"Giuridica";"13330810964";"VIA GIOVANNI BATTISTA PIRELLI 27 - 20124 MILANO (MI)";"MEDIATORI CREDITIZI";"M607";"09/02/2024";"ISCRITTO";"09/02/2024";""
LINEA CONSULT SRL;"NON AUTORIZZATO AD OPERARE";"Giuridica";"06281400637";"VIA PONTE DI TAPPIA 47 - 80133 NAPOLI (NA)";"MEDIATORI CREDITIZI";"M292";"16/01/2014";"CANCELLATO";"15/07/2024";"CANCELLATO CON PROVVEDIMENTO SANZIONATORIO (ART. 128-DUODECIES, COMMA 1, LET. C, D.LGS. N. 385/1993)"
LINK SOLUZIONI SRL;"SI";"Giuridica";"03828860266";"VIA GALILEO GALILEI, 13/1 - 31057 SILEA (TV)";"MEDIATORI CREDITIZI";"M229";"19/04/2013";"ISCRITTO";"10/07/2013";""
LYONSIDE S.R.L.;"SI";"Giuridica";"10445800963";"CORSO DI PORTA VITTORIA 54 - 20122 MILANO (MI)";"MEDIATORI CREDITIZI";"M637";"22/11/2024";"ISCRITTO";"06/12/2024";""
M & F S.R.L.;"SI";"Giuridica";"09256511214";"VIA FERDINANDO DEL CARRETTO N. 26 - 80133 NAPOLI (NA)";"MEDIATORI CREDITIZI";"M468";"11/07/2019";"ISCRITTO";"25/07/2019";""
M3 PRESTITICHIARI.IT SOCIETÀ DI MEDIAZIONE CREDITIZIA;"SI";"Giuridica";"02611920808";"VIA VENEZIA 4/D - 89128 REGGIO DI CALABRIA (RC)";"MEDIATORI CREDITIZI";"M262";"30/05/2013";"ISCRITTO";"24/09/2025";""
M87 S.R.L.;"SI";"Giuridica";"13716690964";"VIA ANTONIO KRAMER 21 - 20129 MILANO (MI)";"MEDIATORI CREDITIZI";"M659";"11/07/2025";"ISCRITTO";"11/07/2025";""
MAGNI CONSULTING SRL;"SI";"Giuridica";"05397080960";"VIALE MONZA 170 - 20127 MILANO (MI)";"MEDIATORI CREDITIZI";"M138";"06/02/2013";"ISCRITTO";"01/04/2013";""
MAXIMA SRL;"SI";"Giuridica";"15880041007";"VIA SALARIA 292 - 00199 ROMA (RM)";"MEDIATORI CREDITIZI";"M507";"14/01/2021";"ISCRITTO";"21/04/2021";""
MBG S.R.L.;"SI";"Giuridica";"04266810987";"VIA VAL GIUDICARIE 16 - 25123 BRESCIA (BS)";"MEDIATORI CREDITIZI";"M641";"17/01/2025";"ISCRITTO";"31/01/2025";""
MBT FINANCE S.R.L. - SOCIETA' DI MEDIAZIONE CREDITIZIA;"SI";"Giuridica";"04192950980";"PIAZZA SERGIO BRESCIANI, 3 - 25087 SALO' (BS)";"MEDIATORI CREDITIZI";"M489";"04/08/2020";"ISCRITTO";"04/08/2020";""
MEC S.R.L.;"SI";"Giuridica";"04874130489";"VIA BALDASSARE CASTIGLIONE 3 - 46100 MANTOVA (MN)";"MEDIATORI CREDITIZI";"M400";"30/03/2017";"ISCRITTO";"31/08/2020";""
MED CRED SRL;"SI";"Giuridica";"02902420542";"VIA ROMA 51 - 06083 BASTIA UMBRA (PG)";"MEDIATORI CREDITIZI";"M13";"14/11/2012";"ISCRITTO";"02/12/2025";""
MEDIA CREDIT SOLUTION SRL;"SI";"Giuridica";"17364701007";"VIALE DELL'ARTE 68 - 00144 ROMA (RM)";"MEDIATORI CREDITIZI";"M623";"26/07/2024";"ISCRITTO";"29/05/2025";""
MEDIA ONE CONSULTING;"SI";"Giuridica";"07930100727";"VIA CALLANO, 161/163 - 76121 BARLETTA (BT)";"MEDIATORI CREDITIZI";"M397";"30/03/2017";"ISCRITTO";"19/04/2017";""
MEDIACOM SRL;"SI";"Giuridica";"09903220961";"VIA PIETRO PALEOCAPA 1 - 20121 MILANO (MI)";"MEDIATORI CREDITIZI";"M408";"27/06/2017";"ISCRITTO";"27/06/2017";""
MEDIACREDIT SRL - SOCIETÀ DI MEDIAZIONE CREDITIZIA;"SI";"Giuridica";"03946580242";"VIA ORNA 32 - 36040 BRENDOLA (VI)";"MEDIATORI CREDITIZI";"M415";"26/07/2017";"ISCRITTO";"26/07/2017";""
MEDIAFIDI SRL;"SI";"Giuridica";"01477300493";"VIA PITAGORA 3 - 57027 SAN VINCENZO (LI)";"MEDIATORI CREDITIZI";"M82";"22/01/2013";"ISCRITTO";"08/07/2020";""
MEDIAFIN MEDIAZIONE CREDITIZIA SRL;"SI";"Giuridica";"12676610152";"VIA DEL CASALE SOLARO 119 - EUR TRADE CENTER - 00143 ROMA (RM)";"MEDIATORI CREDITIZI";"M177";"20/02/2013";"ISCRITTO";"08/03/2013";""
MEDIAFINA SRL;"SI";"Giuridica";"01671520508";"VIA PESTALOZZI, 2/A - 56028 SAN MINIATO (PI)";"MEDIATORI CREDITIZI";"M256";"30/05/2013";"ISCRITTO";"08/05/2018";""
MEDIANTES SRL;"SI";"Giuridica";"04291430280";"PIAZZA DELLA SERENISSIMA 40 INT. 202 - 31033 CASTELFRANCO VENETO (TV)";"MEDIATORI CREDITIZI";"M100";"29/01/2013";"ISCRITTO";"15/03/2013";""
MEDIAT CONSULENZA E MEDIAZIONE CREDITIZIA;"SI";"Giuridica";"07734451003";"VIA CLELIA, 67 B - 00181 ROMA (RM)";"MEDIATORI CREDITIZI";"M78";"22/01/2013";"ISCRITTO";"13/03/2013";""
MEDIAZIONE CREDITIZIA FINANCIAL MUTUI S.R.L;"SI";"Giuridica";"02906940123";"VIA CAMPIGLI, 16 - 21100 VARESE (VA)";"MEDIATORI CREDITIZI";"M129";"06/02/2013";"ISCRITTO";"02/12/2023";""
MEDIAZIONE CREDITIZIA ITALIANA SRL;"SI";"Giuridica";"08004630961";"CORSO BUENOS AIRES  92 - 20124 MILANO (MI)";"MEDIATORI CREDITIZI";"M131";"06/02/2013";"ISCRITTO";"21/03/2013";""
MEDIETICA SRL;"SI";"Giuridica";"04806280964";"VIA GARIBALDI, 22 - 98066 PATTI (ME)";"MEDIATORI CREDITIZI";"M98";"22/01/2013";"ISCRITTO";"13/01/2017";""
MEDIFIN SOCIETA' DI MEDIAZIONE CREDITIZIA S.R.L.;"SI";"Giuridica";"06120620825";"VIA PAPA GIOVANNI XXIII 336 - 98051 BARCELLONA POZZO DI GOTTO (ME)";"MEDIATORI CREDITIZI";"M556";"24/06/2022";"ISCRITTO";"06/07/2022";""
MEDIOIMPRESA S.R.L.;"SI";"Giuridica";"02453480168";"VIA G. MARCONI 22 - 24060 CASTELLI CALEPIO (BG)";"MEDIATORI CREDITIZI";"M135";"06/02/2013";"ISCRITTO";"20/03/2013";""
MENTOR & CO. S.R.L.;"SI";"Giuridica";"10009031005";"VIA VELLETRI 49 - 00198 ROMA (RM)";"MEDIATORI CREDITIZI";"M41";"15/01/2013";"ISCRITTO";"25/01/2013";""
MF SPA;"SI";"Giuridica";"03166040240";"VIALE MILANO 108 - 36100 VICENZA (VI)";"MEDIATORI CREDITIZI";"M211";"19/03/2013";"ISCRITTO";"27/06/2013";""
MGA MERCHANT - MEDIAZIONE CREDITIZIA SRL;"SI";"Giuridica";"11762540968";"VIA GIOVANNI BATTISTA 27 - 20124 MILANO (MI)";"MEDIATORI CREDITIZI";"M542";"25/02/2022";"ISCRITTO";"05/07/2022";""
MILLEMUTUI;"SI";"Giuridica";"07107030632";"VIA CERVANTES 64 - 80133 NAPOLI (NA)";"MEDIATORI CREDITIZI";"M31";"08/01/2013";"ISCRITTO";"04/02/2022";""
MILLER VP CAPITAL SRL;"SI";"Giuridica";"13876020960";"VIA SANTA TECLA 5 - 20129 MILANO (MI)";"MEDIATORI CREDITIZI";"M643";"24/01/2025";"ISCRITTO";"14/02/2025";""
MILLIGIO - THE MONEY FARM;"SI";"Giuridica";"03264230925";"VIA N. SAURO, 1 - 09123 CAGLIARI (CA)";"MEDIATORI CREDITIZI";"M392";"31/01/2017";"ISCRITTO";"13/02/2017";""
MINERVA CAPITAL S.R.L.;"SI";"Giuridica";"17261081008";"PIAZZA VESUVIO 2D - 00141 ROMA (RM)";"MEDIATORI CREDITIZI";"M598";"13/10/2023";"ISCRITTO";"18/10/2023";""
MONETY S.P.A.;"SI";"Giuridica";"09729710963";"VIA BERNARDO QUARANTA 40 - 20139 MILANO (MI)";"MEDIATORI CREDITIZI";"M393";"31/01/2017";"ISCRITTO";"31/01/2017";""
MONEY360.IT S.P.A.;"SI";"Giuridica";"06761590964";"VIA FELICE CASATI 1/A - 20124 MILANO (MI)";"MEDIATORI CREDITIZI";"M63";"22/01/2013";"ISCRITTO";"17/04/2013";""
MONTISERVICE SRL;"SI";"Giuridica";"94005020170";"VIA PRIMO LEVI 6 - 25018 MONTICHIARI (BS)";"MEDIATORI CREDITIZI";"M449";"13/11/2018";"ISCRITTO";"13/11/2018";""
MORTATI & MAZZELLA S.R.L.;"SI";"Giuridica";"11575340960";"VIA SAN PIETRO ALL'ORTO N.22 - 20121 MILANO (MI)";"MEDIATORI CREDITIZI";"M517";"14/04/2021";"ISCRITTO";"31/07/2023";""
MR. CONSULTING S.R.L.;"SI";"Giuridica";"03936190655";"PIAZZA MONUMENTO 4 - 20025 LEGNANO (MI)";"MEDIATORI CREDITIZI";"M279";"03/10/2013";"ISCRITTO";"07/10/2019";""
MSD SOLUTIONS SRL;"SI";"Giuridica";"02466800444";"VIA VINCENZO TACCARI N. 37 - 63900 FERMO (FM)";"MEDIATORI CREDITIZI";"M537";"21/12/2021";"ISCRITTO";"27/01/2025";""
MUFFIN FINANCE MEDIAZIONE CREDITIZIA S.R.L.;"SI";"Giuridica";"12904960015";"VIA MELCHIORRE GIOIA, 11 - 10121 TORINO (TO)";"MEDIATORI CREDITIZI";"M601";"03/11/2023";"ISCRITTO";"13/12/2023";""
MULTINSURANCE;"SI";"Giuridica";"08192661216";"VIA LORENZO ROCCO,11 - 80055 PORTICI (NA)";"MEDIATORI CREDITIZI";"M512";"10/02/2021";"ISCRITTO";"04/04/2022";""
MULTIPRESTITO SOCIETÀ DI MEDIAZIONE CREDITIZIA SRL;"SI";"Giuridica";"01649520887";"VIA ENRICO MATTEI 7 - 97100 RAGUSA (RG)";"MEDIATORI CREDITIZI";"M413";"26/07/2017";"ISCRITTO";"31/08/2017";""
MUTUI MASTER S.R.L.;"SI";"Giuridica";"13046600014";"PIAZZA RISORGIMENTO, 8 - 10143 TORINO (TO)";"MEDIATORI CREDITIZI";"M618";"31/05/2024";"ISCRITTO";"14/06/2024";""
MUTUICASA S.R.L.;"SI";"Giuridica";"02270870989";"VIA ZIZIOLA 1 - 24124 BRESCIA (BS)";"MEDIATORI CREDITIZI";"M64";"22/01/2013";"ISCRITTO";"22/01/2013";""
MUTUIONLINE S.P.A.;"SI";"Giuridica";"13102450155";"VIA FELICE CASATI 1/A - 20124 MILANO (MI)";"MEDIATORI CREDITIZI";"M17";"12/12/2012";"ISCRITTO";"17/01/2013";""
MUTUOCONFRONTO;"SI";"Giuridica";"11429040014";"VIA PIETRO MICCA 20 - 10125 TORINO (TO)";"MEDIATORI CREDITIZI";"M440";"21/06/2018";"ISCRITTO";"16/07/2025";""
MUTUON SRL;"SI";"Giuridica";"07214890720";"VIALE ALDO MORO 91 - 70019 TRIGGIANO (BA)";"MEDIATORI CREDITIZI";"M288";"12/12/2013";"ISCRITTO";"17/02/2014";""
NET CAPITAL SRL;"SI";"Giuridica";"06590830482";"PIAZZA DELLA SIGNORIA 4 - 50122 FIRENZE (FI)";"MEDIATORI CREDITIZI";"M587";"01/06/2023";"ISCRITTO";"06/06/2023";""
NETFINTECH S.R.L.;"SI";"Giuridica";"02337760512";"PIAZZA LUIGI EINAUDI 10N01 - 20124 MILANO (MI)";"MEDIATORI CREDITIZI";"M463";"12/04/2019";"ISCRITTO";"17/04/2019";""
NEW CREDIT LAB MEDIATORE CREDITIZIO;"SI";"Giuridica";"17107261004";"VIALE LIEGI 42 - 00198 ROMA (RM)";"MEDIATORI CREDITIZI";"M585";"26/05/2023";"ISCRITTO";"09/06/2023";""
NOVE CONSULTING SRL;"SI";"Giuridica";"02145390023";"VIA MARSALA 40/C - 21013 GALLARATE (VA)";"MEDIATORI CREDITIZI";"M218";"26/03/2013";"ISCRITTO";"03/05/2013";""
NPLUS;"NON AUTORIZZATO AD OPERARE";"Giuridica";"11434920960";"VIA MERANO 16A - 20127 MILANO (MI)";"MEDIATORI CREDITIZI";"M514";"01/03/2021";"CANCELLATO";"07/07/2023";"CANCELLATO CON PROVVEDIMENTO SANZIONATORIO (ART. 128-DUODECIES, COMMA 1, LET. C, D.LGS. N. 385/1993)"
NSA;"SI";"Giuridica";"09280900961";"VIA MASCAGNI PIETRO N. 15 - 20122 MILANO (MI)";"MEDIATORI CREDITIZI";"M360";"17/12/2015";"ISCRITTO";"07/01/2016";""
NUOVA FINANZA PER L'IMPRESA SRL;"NON AUTORIZZATO AD OPERARE";"Giuridica";"04461930986";"VIA LEONARDO DA VINCI 2 - 25010 SAN ZENO NAVIGLIO (BS)";"MEDIATORI CREDITIZI";"M579";"05/05/2023";"ISCRITTO NON-OPERATIVO";"24/10/2025";"DAL 24/10/2025 PER MANCATA COMUNICAZIONE DI DIPENDENTI / COLLABORATORI"
ODIGOS MEDIAZIONE DEL CREDITO;"SI";"Giuridica";"17047301001";"VIA SERTORIO ORSATO, 46 INT.1 (FRAZ. MARGHERA) - 30175 VENEZIA (VE)";"MEDIATORI CREDITIZI";"M578";"14/04/2023";"ISCRITTO";"27/04/2023";""
OFFICINA DEL CREDITO SRL SOCIETA' DI MEDIAZIONE CREDITIZIA;"SI";"Giuridica";"02655410245";"VIA ROMA 82 - 36010 ZANE' (VI)";"MEDIATORI CREDITIZI";"M125";"06/02/2013";"ISCRITTO";"02/12/2020";""
OGLIO S.R.L.;"NON AUTORIZZATO AD OPERARE";"Giuridica";"02737970166";"LARGO NICOLÒ REZZARA 6 - 24122 BERGAMO (BG)";"MEDIATORI CREDITIZI";"M521";"20/05/2021";"ISCRITTO NON-OPERATIVO";"13/02/2026";"DAL 13/02/2026 PER MANCATA COMUNICAZIONE DI DIPENDENTI / COLLABORATORI"
OLMEDIACREDIT SRL;"SI";"Giuridica";"08850970966";"VIA CARDUCCI  16 - 20123 MILANO (MI)";"MEDIATORI CREDITIZI";"M323";"29/01/2015";"ISCRITTO";"02/02/2015";""
OMC FINANCE S.R.L.;"SI";"Giuridica";"09352221007";"VIALE REGINA MARGHERITA N.8 - 00198 ROMA (RM)";"MEDIATORI CREDITIZI";"M115";"30/01/2013";"ISCRITTO";"27/07/2018";""
OPEN BROKER SRL;"SI";"Giuridica";"16940611003";"VIALE ANGELICO, 38 - 00195 ROMA (RM)";"MEDIATORI CREDITIZI";"M567";"12/01/2023";"ISCRITTO";"12/01/2023";""
OPEN FINANCE S.P.A. MEDIAZIONE CREDITIZIA;"NON AUTORIZZATO AD OPERARE";"Giuridica";"06162370651";"VIA GIOVANNI RUGGI D'ARAGONA 25 - 84121 SALERNO (SA)";"MEDIATORI CREDITIZI";"M596";"01/09/2023";"ISCRITTO NON-OPERATIVO";"28/11/2025";"DAL 28/11/2025 PER MANCATA COMUNICAZIONE DEI DATI POLIZZA ASSICURATIVA"
OSCULATI & PARTNERS;"SI";"Giuridica";"05521940964";"PIAZZA SAN SEPOLCRO, 1 - 20123 MILANO (MI)";"MEDIATORI CREDITIZI";"M457";"14/02/2019";"ISCRITTO";"14/02/2019";""
OVERLEND SRL;"SI";"Giuridica";"01927790707";"VIALE SANDRO PERTINI N. 1 - 86039 TERMOLI (CB)";"MEDIATORI CREDITIZI";"M650";"18/04/2025";"ISCRITTO";"05/08/2025";""
PAFINBERG SRL;"SI";"Giuridica";"00865681209";"VIA TARAMELLI N. 50 - 24121 BERGAMO (BG)";"MEDIATORI CREDITIZI";"M68";"22/01/2013";"ISCRITTO";"21/01/2014";""
PAUSEPAY SRL;"NON AUTORIZZATO AD OPERARE";"Giuridica";"13360820966";"VIA ALBERICO ALBRICCI, 8 - 20122 MILANO (MI)";"MEDIATORI CREDITIZI";"M612";"21/03/2024";"CANCELLATO";"26/09/2025";"CANCELLATO CON PROVVEDIMENTO SANZIONATORIO (ART. 128-DUODECIES, COMMA 1, LET. C, D.LGS. N. 385/1993)"
PERFORMANCE CREDIT MEDIAZIONE CREDITIZIA S.R.L.;"SI";"Giuridica";"01368250112";"FORO BUONAPARTE, 50 - 20121 MILANO (MI)";"MEDIATORI CREDITIZI";"M153";"06/02/2013";"ISCRITTO";"15/12/2021";""
PIU' MUTUI CASA SPA;"SI";"Giuridica";"03287960961";"VIA PASSERINI, 2 - 20900 MONZA (MB)";"MEDIATORI CREDITIZI";"M65";"22/01/2013";"ISCRITTO";"01/04/2013";""
PMI HUB MEDIAZIONE CREDITIZIA;"SI";"Giuridica";"04643930615";"VIA DEI RAMARI 5 ANG.CORSO ALDO MORO - 81055 SANTA MARIA CAPUA VETERE (CE)";"MEDIATORI CREDITIZI";"M549";"28/04/2022";"ISCRITTO";"03/05/2022";""
POLARIS S.R.L.;"SI";"Giuridica";"01616570196";"VIA DEL COMMERCIO 29 - 26013 CREMA (CR)";"MEDIATORI CREDITIZI";"M354";"29/09/2015";"ISCRITTO";"02/11/2015";""
PREMIA FINANCE S.P.A. SOCIETA' DI MEDIAZIONE CREDITIZIA;"SI";"Giuridica";"04904790872";"VIALE UMBERTO TUPINI, 103 - 00144 ROMA (RM)";"MEDIATORI CREDITIZI";"M451";"13/11/2018";"ISCRITTO";"13/11/2018";""
PREMIER CAPITAL SERVICE S.R.L.;"SI";"Giuridica";"04635560982";"VIA GABRIELE ROSA 34 - 25121 BRESCIA (BS)";"MEDIATORI CREDITIZI";"M651";"16/05/2025";"ISCRITTO";"03/06/2025";""
PRESTITO';"SI";"Giuridica";"02267070122";"VIA ALDO BARBARO N. 15 - 10143 TORINO (TO)";"MEDIATORI CREDITIZI";"M439";"21/06/2018";"ISCRITTO";"21/06/2018";""
PRESTITO FACILE S.R.L.;"NON AUTORIZZATO AD OPERARE";"Giuridica";"13403400966";"VIALE UMBRIA 60 - 20135 MILANO (MI)";"MEDIATORI CREDITIZI";"M635";"16/10/2024";"CANCELLATO";"26/09/2025";"CANCELLATO CON PROVVEDIMENTO SANZIONATORIO (ART. 128-DUODECIES, COMMA 1, LET. C, D.LGS. N. 385/1993)"
PRESTITO REALE MEDIAZIONE CREDITIZIA;"SI";"Giuridica";"13184110966";"VIA VITRUVIO 43 - 20124 MILANO (MI)";"MEDIATORI CREDITIZI";"M603";"09/11/2023";"ISCRITTO";"20/11/2023";""
PRESTITOPIU' SRL;"SI";"Giuridica";"03745460927";"VIA BELLINI 9 - 09128 CAGLIARI (CA)";"MEDIATORI CREDITIZI";"M497";"16/10/2020";"ISCRITTO";"20/10/2020";""
PRESTITOSÌ AUTOMOTIVE;"SI";"Giuridica";"11929640966";"VIALE DELL'INNOVAZIONE 11 - 20126 MILANO (MI)";"MEDIATORI CREDITIZI";"M577";"06/04/2023";"ISCRITTO";"16/10/2023";""
PRESTITOSI FINANCE S.P.A.;"SI";"Giuridica";"02716500646";"VIALE DELL'INNOVAZIONE 13 - 20126 MILANO (MI)";"MEDIATORI CREDITIZI";"M54";"15/01/2013";"ISCRITTO";"04/02/2013";""
PRISMA CONSULTING SRL;"SI";"Giuridica";"04167510132";"VIA STATALE 49 - 23826 MANDELLO DEL LARIO (LC)";"MEDIATORI CREDITIZI";"M622";"19/07/2024";"ISCRITTO";"31/07/2024";""
PROGETTO ABITARE SRL;"SI";"Giuridica";"04077020289";"VIA CASTELLO 46/1 - 35028 PIOVE DI SACCO (PD)";"MEDIATORI CREDITIZI";"M57";"22/01/2013";"ISCRITTO";"29/11/2019";""
PROMEDIA SRL;"SI";"Giuridica";"01777660356";"VIA L. FARIOLI, 1/A - 42020 QUATTRO CASTELLA (RE)";"MEDIATORI CREDITIZI";"M365";"22/03/2016";"ISCRITTO";"18/06/2019";""
PRONTAGRICOLTURA MEDIAZIONE CREDITIZIA SRL;"SI";"Giuridica";"03562060545";"VIA NENNI 11 - 06064 PANICALE (PG)";"MEDIATORI CREDITIZI";"M418";"25/10/2017";"ISCRITTO";"06/11/2017";""
PROXIPO;"SI";"Giuridica";"10418440961";"VIA VITTORIO LOCCHI 3 - 20156 MILANO (MI)";"MEDIATORI CREDITIZI";"M447";"19/09/2018";"ISCRITTO";"02/10/2020";""
PTS CREDIT MANAGEMENT MEDIAZIONE CREDITIZIA SPA;"SI";"Giuridica";"15869911006";"VIA ALESSANDRO TORLONIA, 41 - 00161 ROMA (RM)";"MEDIATORI CREDITIZI";"M502";"04/12/2020";"ISCRITTO";"04/12/2020";""
QUALITY ASSURANCE BROKER SRL;"NON AUTORIZZATO AD OPERARE";"Giuridica";"04978220657";"VIA BENIGNO CRESPI 19 - 20159 MILANO (MI)";"MEDIATORI CREDITIZI";"M648";"24/03/2025";"ISCRITTO NON-OPERATIVO";"24/03/2025";""
QUANTUM CREDITECH;"SI";"Giuridica";"13434090968";"VIA ALDO LUSARDI, 7 - 20122 MILANO (MI)";"MEDIATORI CREDITIZI";"M614";"12/04/2024";"ISCRITTO";"19/04/2024";""
RACES FINANCE SRL;"SI";"Giuridica";"10282211001";"VIA FERRANTE IMPARATO N. 190 - 80146 NAPOLI (NA)";"MEDIATORI CREDITIZI";"M510";"02/02/2021";"ISCRITTO";"22/02/2021";""
RDS S.R.L. MEDIAZIONE CREDITIZIA;"SI";"Giuridica";"13880020964";"VIA DEGLI OLIVETANI, 10/12 - 20123 MILANO (MI)";"MEDIATORI CREDITIZI";"M670";"28/11/2025";"ISCRITTO";"28/11/2025";""
REFORCREDIT MEDIAZIONE CREDITIZIA S.R.L.;"SI";"Giuridica";"15313361006";"VIA DEL COMMERCIO 11/12 - 17038 VILLANOVA D'ALBENGA (SV)";"MEDIATORI CREDITIZI";"M469";"11/07/2019";"ISCRITTO";"11/07/2019";""
REIBANQ SRL SOCIETA' DI MEDIAZIONE CREDITIZIA;"SI";"Giuridica";"01689500039";"PIAZZA ALESSANDRO VOLTA  28 - 22100 COMO (CO)";"MEDIATORI CREDITIZI";"M533";"22/10/2021";"ISCRITTO";"02/11/2021";""
RICMAR SRL;"NON AUTORIZZATO AD OPERARE";"Giuridica";"09640301009";"VIA APPIA NUOVA N. 154 - 00183 ROMA (RM)";"MEDIATORI CREDITIZI";"M431";"28/02/2018";"ISCRITTO NON-OPERATIVO";"16/01/2026";"DAL 16/01/2026 PER MANCATA COMUNICAZIONE DI DIPENDENTI / COLLABORATORI"
RISORSE PER L'ITALIA SRL;"SI";"Giuridica";"13620001001";"VIA SARDEGNA 50 - 00187 ROMA (RM)";"MEDIATORI CREDITIZI";"M361";"17/12/2015";"ISCRITTO";"29/11/2025";""
SA FINANCE MEDIAZIONE CREDITIZIA SRL;"SI";"Giuridica";"03705930984";"VIA SANTISSIMA TRINITÀ, 3 - 25032 CHIARI (BS)";"MEDIATORI CREDITIZI";"M336";"29/04/2015";"ISCRITTO";"12/05/2015";""
SAGIFIN SRL;"SI";"Giuridica";"11445080960";"VIA DUOMO 319 - 80133 NAPOLI (NA)";"MEDIATORI CREDITIZI";"M627";"17/09/2024";"ISCRITTO";"11/12/2024";""
SBG MEDIAZIONE CREDITIZIA S.R.L.;"SI";"Giuridica";"06072310656";"CORSO GARIBALDI 167 - 84122 SALERNO (SA)";"MEDIATORI CREDITIZI";"M555";"20/06/2022";"ISCRITTO";"22/06/2022";""
SCEGLIPRIMA! S.R.L.;"SI";"Giuridica";"18093861005";"VIA OSTIENSE 131L - 00154 ROMA (RM)";"MEDIATORI CREDITIZI";"M663";"06/08/2025";"ISCRITTO";"06/08/2025";""
SE RENDRE S.R.L.;"SI";"Giuridica";"02889310120";"VIA ROVERETO, 31 - 21052 BUSTO ARSIZIO (VA)";"MEDIATORI CREDITIZI";"M390";"21/12/2016";"ISCRITTO";"11/01/2017";""
SEDA;"SI";"Giuridica";"15358431003";"VIA ORTIGARA 10 - 00195 ROMA (RM)";"MEDIATORI CREDITIZI";"M523";"10/06/2021";"ISCRITTO";"10/08/2021";""
SEMPLICEMUTUO SRL;"SI";"Giuridica";"11382050018";"VIA AMSTERDAM 125 - 00144 ROMA (RM)";"MEDIATORI CREDITIZI";"M526";"29/07/2021";"ISCRITTO";"11/08/2021";""
SERVIZI FINANZIARI SRL;"SI";"Giuridica";"04790780284";"VIA  ALDO MORO 23 - 10072 CASELLE TORINESE (TO)";"MEDIATORI CREDITIZI";"M552";"20/05/2022";"ISCRITTO";"20/05/2022";""
SIMPLE SRL;"SI";"Giuridica";"12106550960";"FORO BUONAPARTE 70 - 20121 MILANO (MI)";"MEDIATORI CREDITIZI";"M543";"25/02/2022";"ISCRITTO";"14/03/2022";""
SINLOC MEDIAZIONE CREDITIZIA S.R.L.;"SI";"Giuridica";"02921640245";"VIA TRIESTE 1/A - 35121 PADOVA (PD)";"MEDIATORI CREDITIZI";"M419";"25/10/2017";"ISCRITTO";"23/11/2017";""
SIRIO ADVISORS S.R.L.;"SI";"Giuridica";"05526080287";"VIA BERNARDI 1 - 35030 RUBANO (PD)";"MEDIATORI CREDITIZI";"M576";"29/03/2023";"ISCRITTO";"04/04/2023";""
SLEIPNER CONSULTING & ASSOCIATI SRL;"NON AUTORIZZATO AD OPERARE";"Giuridica";"08461070966";"VIA MOLINO DELLE ARMI 11 - 20123 MILANO (MI)";"MEDIATORI CREDITIZI";"M506";"12/01/2021";"CANCELLATO";"02/07/2024";"CANCELLATO CON PROVVEDIMENTO SANZIONATORIO (ART. 128-DUODECIES, COMMA 1, LET. C, D.LGS. N. 385/1993)"
SMART BUSINESS CONSULTING SOCIETÀ A RESPONSABILITÀ LIMITATA;"SI";"Giuridica";"14401191003";"VIA ALBERICO II, 5 - 00193 ROMA (RM)";"MEDIATORI CREDITIZI";"M421";"25/10/2017";"ISCRITTO";"23/11/2017";""
SMART MONEY PRIVATE FINANCE MEDIAZIONE CREDITIZIA;"SI";"Giuridica";"01786770626";"VIA ENZO MARMORALE 6 SC 4A - 82100 BENEVENTO (BN)";"MEDIATORI CREDITIZI";"M620";"05/07/2024";"ISCRITTO";"18/07/2024";""
SOCIETA' ITALIANA CONSULENZA E MEDIAZIONE CREDITIZIA S.P.A.;"SI";"Giuridica";"07345871003";"VIA NAZIONALE 89/A - 00184 ROMA (RM)";"MEDIATORI CREDITIZI";"M404";"27/04/2017";"ISCRITTO";"08/07/2020";""
SOGEC S.R.L.;"SI";"Giuridica";"04324400656";"CENTRO DIREZIONALE - ISOLA C/2 , SNC - 80143 NAPOLI (NA)";"MEDIATORI CREDITIZI";"M121";"06/02/2013";"ISCRITTO";"07/05/2013";""
SPECIALIST FUNDING SRL A SOCIO UNICO;"NON AUTORIZZATO AD OPERARE";"Giuridica";"03229230929";"VIA BELDI 14 - 28100 NOVARA (NO)";"MEDIATORI CREDITIZI";"M213";"19/03/2013";"CANCELLATO";"26/11/2021";"CANCELLATO CON PROVVEDIMENTO SANZIONATORIO (ART. 128-DUODECIES, COMMA 1, LET. C, D.LGS. N. 385/1993)"
STUDIMPRESE;"NON AUTORIZZATO AD OPERARE";"Giuridica";"02198620060";"VIA ALESSANDRO ANTONELLI 9/B - 28100 NOVARA (NO)";"MEDIATORI CREDITIZI";"M102";"29/01/2013";"CANCELLATO";"26/11/2021";"CANCELLATO CON PROVVEDIMENTO SANZIONATORIO (ART. 128-DUODECIES, COMMA 1, LET. C, D.LGS. N. 385/1993)"
STUDIO C&C SRL;"NON AUTORIZZATO AD OPERARE";"Giuridica";"06541230485";"VIALE FRANCESCO REDI 221 - 50144 FIRENZE (FI)";"MEDIATORI CREDITIZI";"M349";"10/09/2015";"CANCELLATO";"04/05/2021";"CANCELLATO CON PROVVEDIMENTO SANZIONATORIO (ART. 128-DUODECIES, COMMA 1, LET. C, D.LGS. N. 385/1993)"
STUDIO CAROTTI SRL;"SI";"Giuridica";"10363560151";"PIAZZA GENERALE ARMANDO DIAZ N. 7 - 20123 MILANO (MI)";"MEDIATORI CREDITIZI";"M19";"12/12/2012";"ISCRITTO";"17/01/2013";""
STUDIO MANZONI TAMBURRINO S.R.L.;"SI";"Giuridica";"04238320966";"VIA WASHINGTON, 79 - 20146 MILANO (MI)";"MEDIATORI CREDITIZI";"M123";"06/02/2013";"ISCRITTO";"07/09/2017";""
STUDIO SAMMARCO S.R.L.;"SI";"Giuridica";"04641301215";"VIA CESARE BATTISTI 54 - 80059 TORRE DEL GRECO (NA)";"MEDIATORI CREDITIZI";"M228";"19/04/2013";"ISCRITTO";"01/10/2018";""
STUDIO SCANDELLA S.R.L.;"SI";"Giuridica";"02676640986";"PIAZZA ALDO MORO N° 6 B - 25085 GAVARDO (BS)";"MEDIATORI CREDITIZI";"M88";"22/01/2013";"ISCRITTO";"18/02/2013";""
STUDIO TANA MEDIAZIONE CREDITIZIA S.R.L.;"SI";"Giuridica";"12095681008";"VIA DI VIGNA STELLUTI N. 176 - 00191 ROMA (RM)";"MEDIATORI CREDITIZI";"M50";"15/01/2013";"ISCRITTO";"08/03/2013";""
T.M.B. GROUP;"SI";"Giuridica";"04375330240";"VIA CAP. GIUSEPPE SELLA 4 - 36015 SCHIO (VI)";"MEDIATORI CREDITIZI";"M569";"24/02/2023";"ISCRITTO";"24/02/2023";""
T.P. FINANCIAL MEDIATORE CREDITIZIO S.R.L.;"SI";"Giuridica";"10042850965";"VIA ELBA 28 - 20144 MILANO (MI)";"MEDIATORI CREDITIZI";"M423";"21/11/2017";"ISCRITTO";"14/06/2024";""
TAILORCREDIT MEDIAZIONE CREDITIZIA;"SI";"Giuridica";"04127290650";"VIA MAURO MACCHI, 8 - 20124 MILANO (MI)";"MEDIATORI CREDITIZI";"M455";"31/01/2019";"ISCRITTO";"08/02/2019";""
TARGET SRL;"SI";"Giuridica";"03813100835";"VIA CRISTOFORO COLOMBO 5 - 98061 BROLO (ME)";"MEDIATORI CREDITIZI";"M642";"17/01/2025";"ISCRITTO";"03/02/2025";""
TAUX MMV SRL;"SI";"Giuridica";"17179921006";"VIALE REGINA MARGHERITA 93 - 00198 ROMA (RM)";"MEDIATORI CREDITIZI";"M599";"13/10/2023";"ISCRITTO";"13/10/2023";""
TAXCHANGE S.R.L.;"SI";"Giuridica";"11087870967";"CORSO VENEZIA 8 - 20121 MILANO (MI)";"MEDIATORI CREDITIZI";"M480";"28/02/2020";"ISCRITTO";"08/07/2024";""
TCM CAPITAL SRL;"NON AUTORIZZATO AD OPERARE";"Giuridica";"02661590741";"VIA SANTA LUCIA - 72100 BRINDISI (BR)";"MEDIATORI CREDITIZI";"M632";"02/10/2024";"CANCELLATO";"26/09/2025";"CANCELLATO CON PROVVEDIMENTO SANZIONATORIO (ART. 128-DUODECIES, COMMA 1, LET. C, D.LGS. N. 385/1993)"
TEAM ADVISOR SRL;"NON AUTORIZZATO AD OPERARE";"Giuridica";"06668580480";"VIALE SPARTACO LAVAGNINI 26 - 50129 FIRENZE (FI)";"MEDIATORI CREDITIZI";"M385";"08/11/2016";"ISCRITTO NON-OPERATIVO";"13/02/2026";"DAL 13/02/2026 PER MANCATA COMUNICAZIONE DI DIPENDENTI / COLLABORATORI"
TELEMUTUO SRL;"SI";"Giuridica";"05093900156";"VIA DEL COMMERCIO 11/12 - 17038 VILLANOVA D'ALBENGA (SV)";"MEDIATORI CREDITIZI";"M52";"15/01/2013";"ISCRITTO";"26/02/2013";""
TFA CREDIT & INSURANCE BROKER SRL;"SI";"Giuridica";"13692890968";"VIA GIOVANNI BATTISTA PERGOLESI 11 - 20124 MILANO (MI)";"MEDIATORI CREDITIZI";"M631";"25/09/2024";"ISCRITTO";"03/10/2024";""
TI FINANZIO AZIENDA SRL;"SI";"Giuridica";"06030160656";"VIA SALVADOR ALLENDE 161/E - 84131 SALERNO (SA)";"MEDIATORI CREDITIZI";"M547";"07/04/2022";"ISCRITTO";"07/04/2022";""
TK CREDIGO;"SI";"Giuridica";"05693480484";"VIA FRA' BARTOLOMEO 5 - 50132 FIRENZE (FI)";"MEDIATORI CREDITIZI";"M145";"06/02/2013";"ISCRITTO";"07/03/2013";""
TOP PLUS CONSULTING SRL;"SI";"Giuridica";"05870490967";"CORSO DUCA DEGLI ABRUZZI, 6 - 10128 TORINO (TO)";"MEDIATORI CREDITIZI";"M178";"20/02/2013";"ISCRITTO";"08/04/2013";""
TOSCANO MUTUI SRL;"SI";"Giuridica";"04171391008";"VIA NOMENTANA, 90 - 00161 ROMA (RM)";"MEDIATORI CREDITIZI";"M5";"21/11/2012";"ISCRITTO";"11/01/2013";""
TRUST GROUP - MEDIATORI CREDITIZI SRL;"NON AUTORIZZATO AD OPERARE";"Giuridica";"06339140821";"VIA PRINCIPE DI BELMONTE, 1/C - 90139 PALERMO (PA)";"MEDIATORI CREDITIZI";"M310";"09/10/2014";"CANCELLATO";"26/11/2021";"CANCELLATO CON PROVVEDIMENTO SANZIONATORIO (ART. 128-DUODECIES, COMMA 1, LET. C, D.LGS. N. 385/1993)"
UMCI S.R.L.;"SI";"Giuridica";"04096100963";"VIA FLAMINIA, 19 - 00196 ROMA (RM)";"MEDIATORI CREDITIZI";"M70";"22/01/2013";"ISCRITTO";"30/03/2013";""
UNI.NET SRL;"SI";"Giuridica";"04577800289";"VIA SAN FRANCESCO, 40 - 35010 LIMENA (PD)";"MEDIATORI CREDITIZI";"M139";"06/02/2013";"ISCRITTO";"08/04/2013";""
UNI-ONE S.R.L.;"SI";"Giuridica";"10426070016";"CORSO RE UMBERTO N. 13 C/O MAT SRL - 10121 TORINO (TO)";"MEDIATORI CREDITIZI";"M311";"09/10/2014";"ISCRITTO";"21/06/2023";""
V.A.P. SRL UNIPERSONALE;"SI";"Giuridica";"02571230131";"VIA XI FEBBRAIO 5 - 22037 PONTE LAMBRO (CO)";"MEDIATORI CREDITIZI";"M242";"09/05/2013";"ISCRITTO";"03/11/2017";""
VALENTE E MALAGO' SVILUPPO D'IMPRESA;"SI";"Giuridica";"05018530286";"VIA VITTORIO EMANUELE II 50 - 35018 SAN MARTINO DI LUPARI (PD)";"MEDIATORI CREDITIZI";"M411";"26/07/2017";"ISCRITTO";"09/08/2017";""
VEGA BROKER SOCIETA' DI MEDIAZIONE CREDITIZIA;"SI";"Giuridica";"09675440961";"VIA STRESA 6 - 20125 MILANO (MI)";"MEDIATORI CREDITIZI";"M389";"21/12/2016";"ISCRITTO";"12/01/2017";""
VENETAGROUP SRL;"SI";"Giuridica";"03770200248";"VIA A.GIROTTO 15 - 36100 VICENZA (VI)";"MEDIATORI CREDITIZI";"M14";"14/11/2012";"ISCRITTO";"18/02/2013";""
VERUM FINANCE - MEDIAZIONE CREDITIZIA S.R.L.;"SI";"Giuridica";"13754260969";"VIA VARESINA 162 - 20156 MILANO (MI)";"MEDIATORI CREDITIZI";"M644";"12/02/2025";"ISCRITTO";"14/02/2025";""
VP CONSULT SPA;"SI";"Giuridica";"02345451203";"VIA CARDUCCI 7 - 40026 IMOLA (BO)";"MEDIATORI CREDITIZI";"M263";"20/06/2013";"ISCRITTO";"17/07/2017";""
W.B.I. S.R.L.;"NON AUTORIZZATO AD OPERARE";"Giuridica";"08810891005";"PIAZZA CAVOUR 10 - 00193 ROMA (RM)";"MEDIATORI CREDITIZI";"M478";"16/12/2019";"CANCELLATO";"01/08/2022";"CANCELLATO CON PROVVEDIMENTO SANZIONATORIO (ART. 128-DUODECIES, COMMA 1, LET. C, D.LGS. N. 385/1993)"
WAYCREDIT MEDIAZIONE CREDITIZIA S.P.A.;"SI";"Giuridica";"13505210966";"PIAZZETTA UMBERTO GIORDANO, 2 - 20122 MILANO (MI)";"MEDIATORI CREDITIZI";"M624";"26/07/2024";"ISCRITTO";"02/08/2024";""
WE UNIT GROUP SPA;"SI";"Giuridica";"01525970099";"VIA DEL COMMERCIO 11/12 - 17038 VILLANOVA D'ALBENGA (SV)";"MEDIATORI CREDITIZI";"M28";"08/01/2013";"ISCRITTO";"07/02/2013";""
WESIONARY;"SI";"Giuridica";"01496730662";"LARGO REZZARA 6 - 24122 BERGAMO (BG)";"MEDIATORI CREDITIZI";"M6";"21/01/2013";"ISCRITTO";"28/06/2019";""
YOUR CREDIT BROKER - SOCIETÀ DI MEDIAZIONE CREDITIZIA S.R.L. O IN BREVE YCB S.R.L.;"SI";"Giuridica";"09209060962";"VIA DEI PIATTI, 8 - 20123 MILANO (MI)";"MEDIATORI CREDITIZI";"M358";"17/12/2015";"ISCRITTO";"11/07/2018";""
ZENSO S.R.L.;"SI";"Giuridica";"18073751002";"VIA VITTORIO VENETO 54B - 00187 ROMA (RM)";"MEDIATORI CREDITIZI";"M654";"23/05/2025";"ISCRITTO";"03/06/2025";""